Project Name,ระบบติดตามความก้าวหน้าผู้เรียน,,,,,,,,,,
Function,เข้าสู่ระบบ,,,,,,,,,,
,,,,,,,,,,,
Test Scenario ID,Test Scenario Description,Test Case ID,Test Case Description ,Test Step,Pre-Condition,Test Data,Post-Condition,Expected Result,Test Result,Remark,Defect No.
TS-STS-01-03,ตรวจสอบการแสดงผลสถานะผู้ใช้ระบบ,TC-STS-01-03-02,ตรวจสอบการแสดงสถานะผู้ใช้ เมื่อเข้าสู่ระบบด้วยสถานผู้ดูแลระบบโรงเรียน,"1. กดช่อง ที่อยู่อีเมล
2. กรอก ข้อมูล
3. กดช่อง รหัสผ่าน
4. กรอก ข้อมูล
5. กดปุ่ม เข้าสู่ระบบ","1. เข้า URL https://ststracking.vercel.app/login
2. อยู่ที่หน้าจอเข้าสู่ระบบ
3. มีบัญชีที่ลงทะเบียนไว้ในระบบ","1. admin_a
2. changeme","1. ระบบเข้าสู่หน้าแดชบอร์ด และแสดงสถานะผู้ใช้เป็น ""ผู้ดูแลระบบโรงเรียน""","1. สามารถเข้าสู่ระบบได้
2. แสดงสถานะ ผู้ดูแลระบบโรงเรียน",No run,,
TS-STS-01-04,ตรวจสอบการแสดงผลข้อมูล,TC-STS-01-04-02,ตรวจสอบการแสดงผลข้อมูล เมื่อเข้าสู่ระบบด้วยสถานผู้ดูแลระบบโรงเรียน,"1. กดช่อง ที่อยู่อีเมล
2. กรอก ข้อมูล
3. กดช่อง รหัสผ่าน
4. กรอก ข้อมูล
5. กดปุ่ม เข้าสู่ระบบ","1. เข้า URL https://ststracking.vercel.app/login
2. อยู่ที่หน้าจอเข้าสู่ระบบ
3. มีบัญชีที่ลงทะเบียนไว้ในระบบ","1. admin_a
2. changeme",1. ระบบแสดงข้อมูลในหน้าแดชบอร์ดที่เกี่ยวข้องกับผู้ดูแลระบบโรงเรียน,"1. สามารถเข้าสู่ระบบได้
2. ระบบพานำทางเข้าสู่หน้า ""Dashboard"" ทันทีหลังเข้าสู่ระบบสำเร็จ",No run,,
TS-STS-01-05,ตรวจสอบการยืนยันตัวตน,TC-STS-01-05-01,ตรวจสอบการยืนยันตัวตน เมื่อกดปุ่มเข้าสู่ระบบ,"1. กดช่อง ที่อยู่อีเมล
2. กรอก ข้อมูล
3. กดช่อง รหัสผ่าน
4. กรอก ข้อมูล
5. กดปุ่ม เข้าสู่ระบบ","1. เข้า URL https://ststracking.vercel.app/login
2. อยู่ที่หน้าจอเข้าสู่ระบบ
3. มีบัญชีที่ลงทะเบียนไว้ในระบบ","1. admin_a
2. changeme",1. ระบบส่งรหัสยืนยันไปยังอีเมลที่ได้เชื่อมต่อไว้,"1. สามารกรอกข้อมูลได้
2. ส่งรหัสยืนยันไปที่อีเมล",No run,,
,,,,,,,,,,,
,,,,,,,,,,,
,,,,,,,,,,,
,,,,,,,,,,,
Project Name,ระบบติดตามความก้าวหน้าผู้เรียน,,,,,,,,,,
Function,จัดการผู้ใช้,,,,,,,,,,
,,,,,,,,,,,
Test Scenario ID,Test Scenario Description,Test Case ID,Test Case Description ,Test Step,Pre-Condition,Test Data,Post-Condition,Expected Result,Test Result,Remark,Defect No.
TS-STS-02-24,ตรวจสอบการทำงานของปุ่มบันทึก ในแก้ไขผู้ใช้,TC-STS-02-24-01,ตรวจสอบการทำงานของปุ่มบันทึก เมื่อไม่กรอกข้อมูลชื่อผู้ใช้,"1. กดปุ่ม แก้ไข
2. ลบ ข้อมูลชื่อผู้ใช้","1. เข้า URL https://ststracking.vercel.app/login
2. เข้าสู่ระบบสำเร็จ
3. อยู่ในหน้าจอจัดการผู้ใช้งาน",,1. มีแจ้งเตือนยังกรอกข้อมูลไม่ครบ,"1. ไม่สามารถบันทึกได้สำเร็จ
2. มีแจ้งเตือนยังกรอกข้อมูลไม่ครบ",No run,,
,,TC-STS-02-24-03,ตรวจสอบการทำงานของปุ่มบันทึก เมื่อกรอกข้อมูลครบถ้วน,"1. กรอก ชื่อผู้ใช้  
2. กรอก อีเมล
3. กรอก เบอร์โทรศัพท์","1. เข้า URL https://ststracking.vercel.app/login
2. เข้าสู่ระบบสำเร็จ
3. อยู่ในหน้าจอจัดการผู้ใช้งาน","1. ชื่อผู้ใช้ : ครูสมหวัง ดีใจ
2. อีเมล : somwang@gmail.com
3. เบอร์โทรศัพท์ : 0980980981",1. สามารถบันทึกได้สำเร็จ,1. สามารถบันทึกได้สำเร็จ,No run,,
TS-STS-02-26,ตรวจสอบการทำงานของ Dialog ลบผู้ใช้งาน,TC-STS-02-26-01,ตรวจสอบการทำงานของ Dialog ลบผู้ใช้งาน เมื่อกดยกเลิก,"1. กดปุ่ม ลบผู้ใช้
2. กดปุ่ม ยกเลิก","1. เข้า URL https://ststracking.vercel.app/login
2. เข้าสู่ระบบสำเร็จ
3. อยู่ในหน้าจอจัดการผู้ใช้งาน",1. ครูอำนาจ แสงทอง,1. ระบบยกเลิกการลบข้อมูล,"1. สามารถกดได้
2. ยกเลิกการลบข้อมูล",No run,,
,,TC-STS-02-26-02,ตรวจสอบการทำงานของ Dialog ลบผู้ใช้งาน เมื่อกดยืนยันลบผู้ใช้งาน,"1. กดปุ่ม ลบผู้ใช้
2. กดปุ่ม ยืนยันลบผู้ใช้","1. เข้า URL https://ststracking.vercel.app/login
2. เข้าสู่ระบบสำเร็จ
3. อยู่ในหน้าจอจัดการผู้ใช้งาน",1. ครูอำนาจ แสงทอง,1. ระบบอัปเดตผลลัพธ์ใหม่,"1. สามารถกดได้
2. สามารถลบข้อมูลผู้ใช้ได้",No run,,
TS-STS-02-28,ตรวจสอบการทำงานของ Dialog ระงับผู้ใช้,TC-STS-02-28-02,ตรวจสอบการทำงานของ Dialog ระงับผู้ใช้,1. กดปุ่ม ระงับ,"1. เข้า URL https://ststracking.vercel.app/login
2. เข้าสู่ระบบสำเร็จ
3. อยู่ในหน้าจอจัดการผู้ใช้งาน",1. ครูสมหวัง ดีใจ,"1. สามารถกดได้
2. สามารถระงับผู้ใช้ได้","1. สามารถกดได้
2. สามารถระงับผู้ใช้ได้",No run,,
TS-STS-02-29,ตรวจสอบการทำงานของ Dialog รีเซ็ตรหัสผ่าน,TC-STS-02-29-02,ตรวจสอบการทำงานของ Dialog รีเซ็ตรหัสผ่าน เมื่อกดยืนยันรีเซ็ตรหัสผ่าน,1. กดปุ่ม ยืนยันรีเซ็ตรหัสผ่าน,"1. เข้า URL https://ststracking.vercel.app/login
2. เข้าสู่ระบบสำเร็จ
3. อยู่ในหน้าจอจัดการผู้ใช้งาน",1. ครูสมหวัง ดีใจ,"1. รีเซ็ตรหัสผ่าน
2. สร้างรหัสผ่านชั่วคราว","1. สามารถกดได้
2. รีเซ็ตรหัสผ่าน
3. สร้างรหัสผ่านชั่วคราว",No run,,
TS-STS-02-30,ตรวจสอบการทำงานของปุ่มเพิ่มผู้ใช้ ในเพิ่มผู้ใช้ใหม่,TC-STS-02-30-02,ตรวจสอบการทำงานของปุ่มเพิ่มผู้ใช้ เมื่อไม่มีการกรอกข้อมูล,1. กดปุ่ม เพิ่มผู้ใช้,"1. เข้า URL https://ststracking.vercel.app/login
2. เข้าสู่ระบบสำเร็จ
3. อยู่ในหน้าจอจัดการผู้ใช้งาน",,1. มีแจ้งเตือนกรอกข้อมูลให้ครบ,"1. ไม่สามารถเพิ่มผู้ใช้ได้
2. มีแจ้งเตือนกรอกข้อมูลให้ครบ",No run,,
,,TC-STS-02-30-03,ตรวจสอบการทำงานของปุ่มเพิ่มผู้ใช้ เมื่อกรอกข้อมูลครบถ้วน,"1. กรอก ชื่อ-นามสกุล
2. กด สุ่มรหัสผ่าน
2. เลือก บทบาท
3. กดปุ่ม เพิ่มผู้ใช้","1. เข้า URL https://ststracking.vercel.app/login
2. เข้าสู่ระบบสำเร็จ
3. อยู่ในหน้าจอจัดการผู้ใช้งาน","1. ชื่อ-นามสกุล : ครูหวัง โปรแม็ก
2. บทบาท : ครูที่ปรึกษา",1. สามารถบันทึกสำเร็จและแสดงผลในตาราง,1. สามารถบันทึกสำเร็จและแสดงผลในตาราง,No run,,
TS-STS-02-31,ตรวจสอบการกรอกข้อมูล ในเพิ่มผู้ใช้ใหม่,TC-STS-02-31-03,ตรวจสอบการกรอกข้อมูล ชื่อผู้ใช้เป็นภาษาไทย,"1. กดช่อง ชื่อผู้ใช้
2. กรอก ข้อมูล","1. เข้า URL https://ststracking.vercel.app/login
2. เข้าสู่ระบบสำเร็จ
3. อยู่ในหน้าจอจัดการผู้ใช้งาน",1. มอมแมม,1. ไม่สามารถกรอกข้อมูลได้,1. ไม่สามารถกรอกข้อมูลได้,No run,,
TS-STS-02-32,ตรวจสอบการกรอกข้อมูล ในปรับเปลี่ยนสิทธิ์การใช้งาน,TC-STS-02-32-04,ตรวจสอบการกรอกข้อมูล บทบาท ต้องยืนยันรหัสผ่านก่อน,"1. กดปุ่ม ปรับเปลี่ยนสิทธิ์
2. ยืนยันรหัสผ่าน","1. เข้า URL https://ststracking.vercel.app/login
2. เข้าสู่ระบบสำเร็จ
3. อยู่ในหน้าจอจัดการผู้ใช้งาน",,1. สามารถเปลี่ยนบทบาทได้,1. สามารถเปลี่ยนบทบาทได้,No run,,
TS-STS-02-34,ตรวจสอบการแสดงผลข้อมูลผู้ใช้งาน หลังการเพิ่ม,TC-STS-02-34-01,ตรวจสอบการแสดงผล เมื่อเพิ่มผู้ใช้งานใหม่,"1. กรอก ชื่อ-นามสกุล
2. กด สุ่มรหัสผ่าน
2. เลือก บทบาท
3. กดปุ่ม เพิ่มผู้ใช้","1. เข้า URL https://ststracking.vercel.app/login
2. เข้าสู่ระบบสำเร็จ
3. อยู่ในหน้าจอจัดการผู้ใช้งาน","1. ชื่อ-นามสกุล : ครูอำนาจ คาดหวัง
2. บทบาท : ครูที่ปรึกษา","1. เพิ่มผู้ใช้งานสำเร็จ
2. กลับไปยังหน้าจอตารางผู้ใช้งาน","1. เพิ่มผู้ใช้งานสำเร็จ
2. กลับไปยังหน้าจอตารางผู้ใช้งาน",No run,,
TS-STS-02-35,ตรวจสอบการแสดงผลข้อมูลผู้ใช้งาน หลังการแก้ไข,TC-STS-02-35-02,ตรวจสอบการแสดงผล เมื่อมีการแก้ไขข้อมูล แล้วกดบันทึก,"1. กดปุ่ม แก้ไข
2. แก้ไข ข้อมูล
3. กดปุ่ม  บันทึก","1. เข้า URL https://ststracking.vercel.app/login
2. เข้าสู่ระบบสำเร็จ
3. อยู่ในหน้าจอจัดการผู้ใช้งาน",1. ชื่อ-นามสกุล : ครูหวัง คาดหวัง,1. ระบบแสดงข้อมูลบนตารางถูกต้องครบถ้วน,1.แสดงข้อมูลบนตารางถูกต้องครบถ้วน,No run,,
TS-STS-02-36,ตรวจสอบการแสดงผลข้อมูลผู้ใช้งาน หลังระงับการใช้งาน,TC-STS-02-36-01,ตรวจสอบการแสดงผล เมื่อกดระงับผู้ใช้งาน,1. กดปุ่ม ระงับ,"1. เข้า URL https://ststracking.vercel.app/login
2. เข้าสู่ระบบสำเร็จ
3. อยู่ในหน้าจอจัดการผู้ใช้งาน",1. ครูหวัง คาดหวัง,1. ระบบแสดงข้อมูลบนตารางเป็นระงับ,1. แสดงข้อมูลบนตารางเป็นระงับ,No run,,
,,,,,,,,,,,
,,,,,,,,,,,
,,,,,,,,,,,
,,,,,,,,,,,
Project Name,ระบบติดตามความก้าวหน้าผู้เรียน,,,,,,,,,,
Function,จัดการข้อมูลนักเรียนและห้องเรียน,,,,,,,,,,
,,,,,,,,,,,
Test Scenario ID,Test Scenario Description,Test Case ID,Test Case Description ,Test Step,Pre-Condition,Test Data,Post-Condition,Expected Result,Test Result,Remark,Defect No.
TS-STS-03-01,ตรวจสอบการทำงานของช่องค้นหานักเรียน,TC-STS-03-01-02,ตรวจสอบการทำงานของช่องค้นหา เมื่อกรอกรหัสนักเรียน,"1. กดช่อง ค้นหา
2. กรอก ข้อมูล","1. เข้า URL https://ststracking.vercel.app/login
2. เข้าสู่ระบบสำเร็จ
3. อยู่ในหน้าจอจัดการข้อมูลนักเรียน",1. aa691502,1. ระบบแสดงผลลัพธ์ตรงกับคำค้นหา,"1. สามารถกรอกข้อมูลได้
2.  แสดงข้อมูลตรงกับที่ค้นหา",No run,,
,,TC-STS-03-01-03,ตรวจสอบการทำงานของช่องค้นหา เมื่อกรอกชื่อผู้ใช้งานไม่ถูกต้อง,"1. กดช่อง ค้นหา
2. กรอก ข้อมูล","1. เข้า URL https://ststracking.vercel.app/login
2. เข้าสู่ระบบสำเร็จ
3. อยู่ในหน้าจอจัดการข้อมูลนักเรียน",1. ศสิธร,1. ระบบไม่พบข้อมูลที่ค้นหา,1. ไม่แสดงผลข้อมูลที่กรอก,No run,,
,,TC-STS-03-01-04,ตรวจสอบการทำงานของช่องค้นหา เมื่อกรอกชื่อผู้ใช้งานถูกต้อง,"1. กดช่อง ค้นหา
2. กรอก ข้อมูล","1. เข้า URL https://ststracking.vercel.app/login
2. เข้าสู่ระบบสำเร็จ
3. อยู่ในหน้าจอจัดการข้อมูลนักเรียน","1. ศศิธร บุญศรี
2. ศศิธร",1. ระบบแสดงผลลัพธ์ตรงกับคำค้นหา,"1. สามารถกรอกข้อมูลได้
2. แสดงเฉพาะข้อมูลที่ตรงกัน",No run,,
TS-STS-03-10,ตรวจสอบการกรอกข้อมูลในเพิ่มนักเรียนใหม่,TC-STS-03-10-03,ตรวจสอบการกรอกข้อมูลรหัสนักเรียน เมื่อกรอกข้อมูลซ้ำ,"1. กดช่อง รหัสนักเรียน
2. กรอก ข้อมูล","1. เข้า URL https://ststracking.vercel.app/login
2. เข้าสู่ระบบสำเร็จ
3. อยู่ในหน้าจอจัดการข้อมูลนักเรียน",1. aa692003,1. มีแจ้งเตือนรหัสนักเรียนมีในระบบอยู่แล้ว,"1. สามารถกรอกข้อมูลได้
2. แจ้งเตือนรหัสนักเรียนมีในระบบอยู่แล้ว",No run,,
TS-STS-03-11,ตรวจสอบการทำงานของปุ่มบันทึก ยกเลิกในหน้าต่าง Dialog เพิ่มนักเรียนใหม่,TC-STS-03-11-01,ตรวจสอบการทำงานของปุ่มบันทึก เมื่อกรอกข้อมูลไม่ครบ,"1. กรอก ข้อมูล
2. กดปุ่ม บันทึก","1. เข้า URL https://ststracking.vercel.app/login
2. เข้าสู่ระบบสำเร็จ
3. อยู่ในหน้าจอจัดการข้อมูลนักเรียน",1. มนต์แคน,1. มีแจ้งเตือนยังกรอกข้อมูลไม่ครบ,"1. ไม่สามารถบันทึกได้สำเร็จ
2. มีแจ้งเตือนยังกรอกข้อมูลไม่ครบ",No run,,
,,TC-STS-03-11-02,ตรวจสอบการทำงานของปุ่มบันทึก เมื่อกรอกข้อมูลครบถ้วน,"1. กรอก ข้อมูล
2. กดปุ่ม บันทึก","1. เข้า URL https://ststracking.vercel.app/login
2. เข้าสู่ระบบสำเร็จ
3. อยู่ในหน้าจอจัดการข้อมูลนักเรียน","1. aa111111
2. มนต์แคน
3. แก่นคูน
4. ชาย
5. 27/01/2005
6. ม.1/1
7. ตำบลแสนสุข อำเภอเมือง",1. สามารถบันทึกได้สำเร็จ,1. สามารถบันทึกได้สำเร็จ,No run,,
,,TC-STS-03-11-05,ตรวจสอบการทำงานของปุ่มยกเลิก เมื่อกรอกข้อมูล,"1. กรอก ข้อมูล 
2. กดปุ่ม บันทึก","1. เข้า URL https://ststracking.vercel.app/login
2. เข้าสู่ระบบสำเร็จ
3. อยู่ในหน้าจอจัดการข้อมูลนักเรียน","1. aa111111
2. มนต์แคน
3. แก่นคูน",1. มีแจ้งเตือนยืนยันการยกเลิก,1. มีแจ้งเตือนยืนยันการยกเลิก,No run,,
TS-STS-03-12,ตรวจสอบการทำงานของปุ่มประวัติการนำเข้า,TC-STS-03-12-01,ตรวจสอบการทำงานของปุ่ม ประวัติการนำเข้า,1. กดปุ่ม ประวัติการนำเข้า,"1. เข้า URL https://ststracking.vercel.app/login
2. เข้าสู่ระบบสำเร็จ
3. อยู่ในหน้าจอนำเข้าข้อมูลนักเรียน",,1. ระบบเปิดหน้าต่าง ประวัติการนำเข้า,1. สามารถดูประวัติการนำเข้านักเรียนได้,No run,,
,,TC-STS-03-12-09,ตรวจสอบการทำงานของปุ่ม ดูผล,1. กดปุ่ม ดูผล,"1. เข้า URL https://ststracking.vercel.app/login
2. เข้าสู่ระบบสำเร็จ
3. อยู่ในหน้าจอนำเข้าข้อมูลนักเรียน",,1. ระบบเปิดหน้าต่างรายละเอียดผลการนำเข้า,1. สามารถดูรายละเอียดของประวัติการนำเข้าได้,No run,,
TS-STS-03-13,ตรวจสอบการทำงานของช่องอัปโหลดไฟล์,TC-STS-03-13-02,ตรวจสอบการแสดงผล เมื่ออัปโหลดไฟล์สำเร็จ,"1. กด ช่องนำเข้าไฟล์
2. อัปโหลดไฟล์","1. เข้า URL https://ststracking.vercel.app/login
2. เข้าสู่ระบบสำเร็จ
3. อยู่ในหน้าจอนำเข้าข้อมูลนักเรียน",1. student_mock,1. ระบบแสดงสถานะ นำเข้าไฟล์สำเร็จ,"1. สามารถนำเข้าไฟล์สำเร็จ
2. มีแจ้งเตือนำเข้าไฟล์สำเร็จ",No run,,
TS-STS-03-15,ตรวจสอบการทำงานของปุ่มดาวโหลดเทมเพลต,TC-STS-03-15-01,ตรวจสอบการทำงานของ ปุ่มดาวน์โหลดเทมเพลต,"1. กดตัวกรอง รูปแบบไฟล์
2. เลือก ข้อมูล
3. กดปุ่ม ดาวน์โหลด template","1. เข้า URL https://ststracking.vercel.app/login
2. เข้าสู่ระบบสำเร็จ
3. อยู่ในหน้าจอนำเข้าข้อมูลนักเรียน",1. csv (.csv),1. ระบบส่งออกเทมเพลตไฟล์,1. สามารถดาวโหลดได้สำเร็จ,No run,,
TS-STS-03-26,ตรวจสอบการกรอกข้อมูลในจัดนักเรียนเข้าห้อง,TC-STS-03-26-04,ตรวจสอบการทำงานของปุ่มจัดเข้าห้อง,"1. เลือก ข้อมูลนักเรียน
2. เลือกห้องปลายทาง
3. กดปุ่ม จัดเข้าห้อง","1. เข้า URL https://ststracking.vercel.app/login
2. เข้าสู่ระบบสำเร็จ
3. อยู่ในหน้าจอจัดการข้อมูลห้องเรียน","1. กมล บุญมาก
2. ม.1/3","1. จัดนักเรียนเข้าห้องเรียนสำเร็จ
2. มีแจ้งเตือนจัดนักเรียนเข้าห้องสำเร็จ","1. สามารถจัดนักเรียนเข้าห้องเรียนได้
2. แจ้งเตือนจัดนักเรียนเข้าห้องสำเร็จ",No run,,
,,TC-STS-03-26-05,ตรวจสอบการทำงานของปุ่มจัดเข้าห้อง เมื่อจัดนักเรียนเข้าห้องที่เต็มแล้ว,"1. เลือก ข้อมูลนักเรียน
2. เลือกห้องปลายทาง","1. เข้า URL https://ststracking.vercel.app/login
2. เข้าสู่ระบบสำเร็จ
3. อยู่ในหน้าจอจัดการข้อมูลห้องเรียน","1. กมล ปิ่นทอง
1. ม.1/2",1. ไม่สามารถกดห้องที่เต็มแล้วได้,1. ไม่สามารถจัดเข้าห้องที่เต็มแล้วได้,No run,,
TS-STS-03-27,ตรวจสอบการทำงานของปุ่มเพิ่มห้องเรียน,TC-STS-03-27-02,ตรวจสอบการกรอกข้อมูลเพิ่มห้องเรียน เมื่อเพิ่มห้องเรียนที่มีอยู่แล้ว,"1. กดปุ่ม เพิ่มห้องเรียน
2. เลือก ระดับชั้น
3. กรอก ห้องที่
4. กรอก ความจุห้อง
5. กดปุ่ม เพิ่มห้องเรียน","1. เข้า URL https://ststracking.vercel.app/login
2. เข้าสู่ระบบสำเร็จ
3. อยู่ในหน้าจอจัดการข้อมูลห้องเรียน","1. ม.1
2. 1
3. 40",1. มีแจ้งเตือน มีห้องเรียนนี้อยู่แล้วในระดับชั้นและปีการศึกษาเดียวกัน,1. แจ้งเตือน มีห้องเรียนนี้อยู่แล้วในระดับชั้นและปีการศึกษาเดียวกัน,No run,,
,,TC-STS-03-27-03,ตรวจสอบการกรอกข้อมูลเพิ่มห้องเรียน เมื่อเพิ่มห้องเรียนปกติ,"1. กดปุ่ม เพิ่มห้องเรียน
2. เลือก ระดับชั้น
3. กรอก ห้องที่
4. กรอก ความจุห้อง
5. กดปุ่ม เพิ่มห้องเรียน","1. เข้า URL https://ststracking.vercel.app/login
2. เข้าสู่ระบบสำเร็จ
3. อยู่ในหน้าจอจัดการข้อมูลห้องเรียน","1. ม.2 
2. 14
3. 40",1. ระบบแจ้งเตือน เพิ่มห้องเรียนสำเร็จ,1. สามารถเพิ่มห้องเรียนได้สำเร็จ,No run,,
TS-STS-03-28,ตรวจสอบการทำงานของปุ่มแก้ไข บนตารางห้องเรียน,TC-STS-03-28-02,ตรวจสอบการทำงานของปุ่มแก้ไขข้อมูลห้อง เมื่อแก้ไขห้องเรียนที่มีนักเรียนภายในห้อง,"1. กดปุ่ม แก้ไข
2. กดปุ่ม แก้ไขข้อมูลห้อง","1. เข้า URL https://ststracking.vercel.app/login
2. เข้าสู่ระบบสำเร็จ
3. อยู่ในหน้าจอจัดการข้อมูลห้องเรียน",,"1. ระบบเปิดหน้าต่าง แก้ไขห้องเรียน
2. แสดงระดับชั้นและห้องเป็น disable","1. ระบบเปิดหน้าต่าง แก้ไขห้องเรียน
2. แสดงระดับชั้นและห้องเป็น disable",No run,,
,,TC-STS-03-28-03,ตรวจสอบการทำงานของปุ่มเพิ่ม / ลบ / เปลี่ยนครู เมื่อเพิ่มครูที่ปรึกษา,"1. กดปุ่ม แก้ไข 
2. กดปุ่ม เพิ่ม /ลบ/เปลี่ยนครู 
3. เลือก ข้อมูล
4. กดปุ่ม บันทึก","1. เข้า URL https://ststracking.vercel.app/login
2. เข้าสู่ระบบสำเร็จ
3. อยู่ในหน้าจอจัดการข้อมูลห้องเรียน",1. ครูอำนาจ คาดหวัง,"1. สามารถบันทึกได้สำเร็จ
2. มีแจ้งเตือนบันทึกสำเร็จ","1. สามารถบันทึกได้สำเร็จ
2. มีแจ้งเตือนบันทึกสำเร็จ",No run,,
,,TC-STS-03-28-04,ตรวจสอบการทำงานของปุ่มเพิ่ม / ลบ / เปลี่ยนครู เมื่อลบครูที่ปรึกษา,"1. กดปุ่ม แก้ไข 
2. กดปุ่ม เพิ่ม /ลบ/เปลี่ยนครู 
3. กดปุ่ม เอาออก
4. กดปุ่ม บันทึก
5. กดปุ่ม ยืนยัน","1. เข้า URL https://ststracking.vercel.app/login
2. เข้าสู่ระบบสำเร็จ
3. อยู่ในหน้าจอจัดการข้อมูลห้องเรียน",1. ครูอำนาจ คาดหวัง,"1. สามารถนำออกได้สำเร็จ
2. มีแจ้งเตือนบันทึกสำเร็จ","1. สามารถนำออกได้สำเร็จ
2. มีแจ้งเตือนบันทึกสำเร็จ",No run,,
,,TC-STS-03-28-05,ตรวจสอบการทำงานของปุ่มเพิ่ม / ลบ / เปลี่ยนครู เมื่อเปลี่ยนครูที่ปรึกษา,"1. กดปุ่ม แก้ไข 
2. กดปุ่ม เพิ่ม /ลบ/เปลี่ยนครู 
3. เลือก ข้อมูล
4. กดปุ่ม ยืนยันย้ายห้อง
5. กดปุ่ม บันทึก","1. เข้า URL https://ststracking.vercel.app/login
2. เข้าสู่ระบบสำเร็จ
3. อยู่ในหน้าจอจัดการข้อมูลห้องเรียน",1. ครูสมหวัง ใจดี,"1. สามารถเปลี่ยนได้สำเร็จ
2. มีแจ้งเตือนบันทึกสำเร็จ","1. สามารถเปลี่ยนได้สำเร็จ
2. มีแจ้งเตือนบันทึกสำเร็จ",No run,,
TS-STS-03-33,ตรวจสอบการทำงานของปุ่มแก้ไขข้อมูลนักเรียน,TC-STS-03-33-03,ตรวจสอบการทำงานของปุ่มบันทึก เมื่อกรอกข้อมูลครบถ้วน,"1. เลือก นักเรียน
2. กรอก ชื่อผู้ปกครอง
3. กรอก เบอร์ผู้ปกครอง
4. กรอก เลขประจำตัวประชาชน 13 หลัก 
5. กรอก เลขพาสปอร์ต
6. กรอก ที่อยู่","1. เข้า URL https://ststracking.vercel.app/login
2. เข้าสู่ระบบสำเร็จ
3. อยู่ในหน้าจอประวัตินักเรียน","1. กนกวรรณ ทองดี
2. บุหลัน ทองดี
3. 0988888888
4. 3101101123450
5. AC5432109
6. ตำบลแสนสุข",1. สามารถบันทึกได้สำเร็จ,1. สามารถบันทึกได้สำเร็จ,No run,,
,,TC-STS-03-33-04,ตรวจสอบการแสดงผลข้อมูล หลังจากแก้ไขข้อมูลนักเรียน,1. สังเกต ข้อมูลนักเรียน,"1. เข้า URL https://ststracking.vercel.app/login
2. เข้าสู่ระบบสำเร็จ
3. อยู่ในหน้าจอประวัตินักเรียน",,1. แสดงผลข้อมูลถูกต้อง,1. แสดงผลข้อมูลถูกต้อง,No run,,
TS-STS-03-34,ตรวจสอบการทำงานของปุ่มเปลี่ยนห้องเรียน,TC-STS-03-34-02,ตรวจสอบการทำงานของปุ่มเปลี่ยนห้องเรียน,"1. กดปุ่ม เปลี่ยนห้องเรียน
2. กรอก เหตุผล
3. กดปุ่ม เปลี่ยนห้องเรียน
4. กดปุ่ม ยืนยัน","1. เข้า URL https://ststracking.vercel.app/login
2. เข้าสู่ระบบสำเร็จ
3. อยู่ในหน้าจอประวัตินักเรียน","1. ม.1/2
2. ย้ายห้อง",1. สามารถบันทึกได้สำเร็จ,1. สามารถบันทึกได้สำเร็จและแสดงผลในหน้าจอ,No run,,
TS-STS-03-38,ตรวจสอบการทำงานของปุ่มลบ,TC-STS-03-38-01,ตรวจสอบการทำงานของปุ่มลบ,1. กดปุ่ม ลบ,"1. เข้า URL https://ststracking.vercel.app/login
2. เข้าสู่ระบบสำเร็จ
3. อยู่ในหน้าจอประวัตินักเรียน",1. กมล ชัยชนะ,1. มีหน้าต่างยืนยันการลบ,"1. มีหน้าต่างยืนยันการลบ 
2. นักเรียนยังไม่ถูกลบ",No run,,
,,TC-STS-03-38-02,ตรวจสอบการแสดงผลของปุ่มลบ หลังทำการลบนักเรียน,"1. กดช่อง ค้นหา
2. ค้นหา ชื่อนักเรียนที่ทำการลบ","1. เข้า URL https://ststracking.vercel.app/login
2. เข้าสู่ระบบสำเร็จ
3. อยู่ในหน้าจอประวัตินักเรียน",1. กมล ชัยชนะ,1. แสดงข้อความไม่พบข้อมูล,1. ไม่พบข้อมูลนักเรียน,No run,,
TS-STS-03-39,ตรวจสอบการแสดงผลข้อมูลทั่วไป,TC-STS-03-39-01,ตรวจสอบการแสดงผลข้อมูลทั่วไป,1. สังเกต ช่องข้อมูลทั่วไป,"1. เข้า URL https://ststracking.vercel.app/login
2. เข้าสู่ระบบสำเร็จ
3. อยู่ในหน้าจอประวัตินักเรียน",1. กนกวรรณ ทองดี,1. แสดงผลข้อมูลครบถ้วน,1. แสดงผลข้อมูลครบถ้วน,No run,,
,,,,,,,,,,,
,,,,,,,,,,,
,,,,,,,,,,,
,,,,,,,,,,,
,,,,,,,,,,,
,,,,,,,,,,,
,,,,,,,,,,,
Project Name,ระบบติดตามความก้าวหน้าผู้เรียน,,,,,,,,,,
Function,ดูแดชบอร์ด,,,,,,,,,,
,,,,,,,,,,,
Test Scenario ID,Test Scenario Description,Test Case ID,Test Case Description ,Test Step,Pre-Condition,Test Data,Post-Condition,Expected Result,Test Result,Remark,Defect No.
TS-STS-08-27,ตรวจสอบการทำงานของเมนูแท็บ,TC-STS-08-27-01,ตรวจสอบการแสดงผลหลังจากกดแท็บห้องเรียน/ปีการศึกษา/นักเรียน/นำเข้าข้อมูล/ผู้ใช้,1. กดแท็บแต่ละรายการ,"1. เข้า URL https://ststracking.vercel.app/login
2. เข้าสู่ระบบสำเร็จ
3. อยู่ในหน้าจอแดชบอร์ด",,1. ระบบนำทางไปหน้าที่ตรงกับแท็บที่เลือกทุกครั้ง,1. สามารถนำทางไปหน้าจอตรงกับแท็บที่เลือก,No run,,
TS-STS-08-28,ตรวจสอบการแสดงผลของการ์ดงานที่ต้องดำเนินการ,TC-STS-08-28-01,ตรวจสอบการแสดงผลของการ์ดห้องเรียนยังไม่มีครูที่ปรึกษา,1. กด การ์ดห้องเรียนยังไม่มีครูที่ปรึกษา,"1. เข้า URL https://ststracking.vercel.app/login
2. เข้าสู่ระบบสำเร็จ
3. อยู่ในหน้าจอแดชบอร์ด",,1. ระบบนำทางไปหน้าจัดการห้องเรียน พร้อมกรองเฉพาะห้องที่ยังไม่มีครูที่ปรึกษา,1. นำทางไปหน้าจัดการห้องเรียน พร้อมกรองเฉพาะห้องที่ยังไม่มีครูที่ปรึกษา,No run,,
,,TC-STS-08-28-02,ตรวจสอบการแสดงผลของการ์ดเคสติดตามค้างดำเนินการเกิน 7 วัน,1. กด การ์ดเคสติดตามนักเรียนค้างดำเนินการเกิน 7 วัน,"1. เข้า URL https://ststracking.vercel.app/login
2. เข้าสู่ระบบสำเร็จ
3. อยู่ในหน้าจอแดชบอร์ด",,1. ระบบนำทางไปหน้าจัดการเคสผู้เรียน พร้อมกรองเฉพาะเคสที่ค้างเกิน 7 วัน,1. นำทางไปหน้าจัดการเคสผู้เรียน พร้อมกรองเฉพาะเคสที่ค้างเกิน 7 วัน,No run,,
,,TC-STS-08-28-03,ตรวจสอบการแสดงผลของการ์ดห้องเรียนเกินความจุที่กำหนด,1. กด การ์ดห้องเรียนเกินความจุที่กำหนด,"1. เข้า URL https://ststracking.vercel.app/login
2. เข้าสู่ระบบสำเร็จ
3. อยู่ในหน้าจอแดชบอร์ด",,1. ระบบนำทางไปหน้าจัดการห้องเรียนพร้อมกรองเฉพาะห้องที่เกินความจุ,1. นำทางไปหน้าจัดการห้องเรียนพร้อมกรองเฉพาะห้องที่เกินความจุ,No run,,
,,TC-STS-08-28-04,ตรวจสอบการแสดงผลของการ์ดนักเรียนยังไม่มีห้องเรียน,1. กด การ์ดนักเรียนยังไม่มีห้องเรียน ,"1. เข้า URL https://ststracking.vercel.app/login
2. เข้าสู่ระบบสำเร็จ
3. อยู่ในหน้าจอแดชบอร์ด",,1. ระบบนำทางไปหน้าจัดการนักเรียนพร้อมกรองเฉพาะนักเรียนที่ยังไม่มีห้อง,1. นำทางไปหน้าจัดการนักเรียนพร้อมกรองเฉพาะนักเรียนที่ยังไม่มีห้อง,No run,,
TS-STS-08-30,ตรวจสอบการทำงานของความพร้อมของข้อมูลระบบ,TC-STS-08-30-03,ตรวสอบการกดปุ่มการ์ดในความพร้อมของข้อมูลระบบที่ยังไม่ได้จัดการ,1. กด การ์ดที่ยังไม่ได้จัดการ,"1. เข้า URL https://ststracking.vercel.app/login
2. เข้าสู่ระบบสำเร็จ
3. อยู่ในหน้าจอแดชบอร์ด",การจัดการครูประจำชั้นครบทุกห้อง,1. ระบบนำทางไปยังหน้าจัดการห้องเรียน,1. นำทางไปยังหน้าจัดการห้องเรียน,No run,,