Project Name,เธฃเธฐเธเธเธ•เธดเธ”เธ•เธฒเธกเธเธงเธฒเธกเธเนเธฒเธงเธซเธเนเธฒเธเธนเนเน€เธฃเธตเธขเธ,,,,,,,,,,
Function,เน€เธเนเธฒเธชเธนเนเธฃเธฐเธเธ,,,,,,,,,,
,,,,,,,,,,,
Test Scenario ID,Test Scenario Description,Test Case ID,Test Case Description ,Test Step,Pre-Condition,Test Data,Post-Condition,Expected Result,Test Result,Remark,Defect No.
TS-STS-01-03,เธ•เธฃเธงเธเธชเธญเธเธเธฒเธฃเนเธชเธ”เธเธเธฅเธชเธ–เธฒเธเธฐเธเธนเนเนเธเนเธฃเธฐเธเธ,TC-STS-01-03-02,เธ•เธฃเธงเธเธชเธญเธเธเธฒเธฃเนเธชเธ”เธเธชเธ–เธฒเธเธฐเธเธนเนเนเธเน เน€เธกเธทเนเธญเน€เธเนเธฒเธชเธนเนเธฃเธฐเธเธเธ”เนเธงเธขเธชเธ–เธฒเธเธเธนเนเธ”เธนเนเธฅเธฃเธฐเธเธเนเธฃเธเน€เธฃเธตเธขเธ,"1. เธเธ”เธเนเธญเธ เธ—เธตเนเธญเธขเธนเนเธญเธตเน€เธกเธฅ
2. เธเธฃเธญเธ เธเนเธญเธกเธนเธฅ
3. เธเธ”เธเนเธญเธ เธฃเธซเธฑเธชเธเนเธฒเธ
4. เธเธฃเธญเธ เธเนเธญเธกเธนเธฅ
5. เธเธ”เธเธธเนเธก เน€เธเนเธฒเธชเธนเนเธฃเธฐเธเธ","1. เน€เธเนเธฒ URL https://ststracking.vercel.app/login
2. เธญเธขเธนเนเธ—เธตเนเธซเธเนเธฒเธเธญเน€เธเนเธฒเธชเธนเนเธฃเธฐเธเธ
3. เธกเธตเธเธฑเธเธเธตเธ—เธตเนเธฅเธเธ—เธฐเน€เธเธตเธขเธเนเธงเนเนเธเธฃเธฐเธเธ","1. admin_a
2. changeme","1. เธฃเธฐเธเธเน€เธเนเธฒเธชเธนเนเธซเธเนเธฒเนเธ”เธเธเธญเธฃเนเธ” เนเธฅเธฐเนเธชเธ”เธเธชเธ–เธฒเธเธฐเธเธนเนเนเธเนเน€เธเนเธ ""เธเธนเนเธ”เธนเนเธฅเธฃเธฐเธเธเนเธฃเธเน€เธฃเธตเธขเธ""","1. เธชเธฒเธกเธฒเธฃเธ–เน€เธเนเธฒเธชเธนเนเธฃเธฐเธเธเนเธ”เน
2. เนเธชเธ”เธเธชเธ–เธฒเธเธฐ เธเธนเนเธ”เธนเนเธฅเธฃเธฐเธเธเนเธฃเธเน€เธฃเธตเธขเธ",No run,,
TS-STS-01-04,เธ•เธฃเธงเธเธชเธญเธเธเธฒเธฃเนเธชเธ”เธเธเธฅเธเนเธญเธกเธนเธฅ,TC-STS-01-04-02,เธ•เธฃเธงเธเธชเธญเธเธเธฒเธฃเนเธชเธ”เธเธเธฅเธเนเธญเธกเธนเธฅ เน€เธกเธทเนเธญเน€เธเนเธฒเธชเธนเนเธฃเธฐเธเธเธ”เนเธงเธขเธชเธ–เธฒเธเธเธนเนเธ”เธนเนเธฅเธฃเธฐเธเธเนเธฃเธเน€เธฃเธตเธขเธ,"1. เธเธ”เธเนเธญเธ เธ—เธตเนเธญเธขเธนเนเธญเธตเน€เธกเธฅ
2. เธเธฃเธญเธ เธเนเธญเธกเธนเธฅ
3. เธเธ”เธเนเธญเธ เธฃเธซเธฑเธชเธเนเธฒเธ
4. เธเธฃเธญเธ เธเนเธญเธกเธนเธฅ
5. เธเธ”เธเธธเนเธก เน€เธเนเธฒเธชเธนเนเธฃเธฐเธเธ","1. เน€เธเนเธฒ URL https://ststracking.vercel.app/login
2. เธญเธขเธนเนเธ—เธตเนเธซเธเนเธฒเธเธญเน€เธเนเธฒเธชเธนเนเธฃเธฐเธเธ
3. เธกเธตเธเธฑเธเธเธตเธ—เธตเนเธฅเธเธ—เธฐเน€เธเธตเธขเธเนเธงเนเนเธเธฃเธฐเธเธ","1. admin_a
2. changeme",1. เธฃเธฐเธเธเนเธชเธ”เธเธเนเธญเธกเธนเธฅเนเธเธซเธเนเธฒเนเธ”เธเธเธญเธฃเนเธ”เธ—เธตเนเน€เธเธตเนเธขเธงเธเนเธญเธเธเธฑเธเธเธนเนเธ”เธนเนเธฅเธฃเธฐเธเธเนเธฃเธเน€เธฃเธตเธขเธ,"1. เธชเธฒเธกเธฒเธฃเธ–เน€เธเนเธฒเธชเธนเนเธฃเธฐเธเธเนเธ”เน
2. เธฃเธฐเธเธเธเธฒเธเธณเธ—เธฒเธเน€เธเนเธฒเธชเธนเนเธซเธเนเธฒ ""Dashboard"" เธ—เธฑเธเธ—เธตเธซเธฅเธฑเธเน€เธเนเธฒเธชเธนเนเธฃเธฐเธเธเธชเธณเน€เธฃเนเธ",No run,,
TS-STS-01-05,เธ•เธฃเธงเธเธชเธญเธเธเธฒเธฃเธขเธทเธเธขเธฑเธเธ•เธฑเธงเธ•เธ,TC-STS-01-05-01,เธ•เธฃเธงเธเธชเธญเธเธเธฒเธฃเธขเธทเธเธขเธฑเธเธ•เธฑเธงเธ•เธ เน€เธกเธทเนเธญเธเธ”เธเธธเนเธกเน€เธเนเธฒเธชเธนเนเธฃเธฐเธเธ,"1. เธเธ”เธเนเธญเธ เธ—เธตเนเธญเธขเธนเนเธญเธตเน€เธกเธฅ
2. เธเธฃเธญเธ เธเนเธญเธกเธนเธฅ
3. เธเธ”เธเนเธญเธ เธฃเธซเธฑเธชเธเนเธฒเธ
4. เธเธฃเธญเธ เธเนเธญเธกเธนเธฅ
5. เธเธ”เธเธธเนเธก เน€เธเนเธฒเธชเธนเนเธฃเธฐเธเธ","1. เน€เธเนเธฒ URL https://ststracking.vercel.app/login
2. เธญเธขเธนเนเธ—เธตเนเธซเธเนเธฒเธเธญเน€เธเนเธฒเธชเธนเนเธฃเธฐเธเธ
3. เธกเธตเธเธฑเธเธเธตเธ—เธตเนเธฅเธเธ—เธฐเน€เธเธตเธขเธเนเธงเนเนเธเธฃเธฐเธเธ","1. admin_a
2. changeme",1. เธฃเธฐเธเธเธชเนเธเธฃเธซเธฑเธชเธขเธทเธเธขเธฑเธเนเธเธขเธฑเธเธญเธตเน€เธกเธฅเธ—เธตเนเนเธ”เนเน€เธเธทเนเธญเธกเธ•เนเธญเนเธงเน,"1. เธชเธฒเธกเธฒเธฃเธเธฃเธญเธเธเนเธญเธกเธนเธฅเนเธ”เน
2. เธชเนเธเธฃเธซเธฑเธชเธขเธทเธเธขเธฑเธเนเธเธ—เธตเนเธญเธตเน€เธกเธฅ",No run,,
,,,,,,,,,,,
,,,,,,,,,,,
,,,,,,,,,,,
,,,,,,,,,,,
Project Name,เธฃเธฐเธเธเธ•เธดเธ”เธ•เธฒเธกเธเธงเธฒเธกเธเนเธฒเธงเธซเธเนเธฒเธเธนเนเน€เธฃเธตเธขเธ,,,,,,,,,,
Function,เธเธฑเธ”เธเธฒเธฃเธเธนเนเนเธเน,,,,,,,,,,
,,,,,,,,,,,
Test Scenario ID,Test Scenario Description,Test Case ID,Test Case Description ,Test Step,Pre-Condition,Test Data,Post-Condition,Expected Result,Test Result,Remark,Defect No.
TS-STS-02-24,เธ•เธฃเธงเธเธชเธญเธเธเธฒเธฃเธ—เธณเธเธฒเธเธเธญเธเธเธธเนเธกเธเธฑเธเธ—เธถเธ เนเธเนเธเนเนเธเธเธนเนเนเธเน,TC-STS-02-24-01,เธ•เธฃเธงเธเธชเธญเธเธเธฒเธฃเธ—เธณเธเธฒเธเธเธญเธเธเธธเนเธกเธเธฑเธเธ—เธถเธ เน€เธกเธทเนเธญเนเธกเนเธเธฃเธญเธเธเนเธญเธกเธนเธฅเธเธทเนเธญเธเธนเนเนเธเน,"1. เธเธ”เธเธธเนเธก เนเธเนเนเธ
2. เธฅเธ เธเนเธญเธกเธนเธฅเธเธทเนเธญเธเธนเนเนเธเน","1. เน€เธเนเธฒ URL https://ststracking.vercel.app/login
2. เน€เธเนเธฒเธชเธนเนเธฃเธฐเธเธเธชเธณเน€เธฃเนเธ
3. เธญเธขเธนเนเนเธเธซเธเนเธฒเธเธญเธเธฑเธ”เธเธฒเธฃเธเธนเนเนเธเนเธเธฒเธ",,1. เธกเธตเนเธเนเธเน€เธ•เธทเธญเธเธขเธฑเธเธเธฃเธญเธเธเนเธญเธกเธนเธฅเนเธกเนเธเธฃเธ,"1. เนเธกเนเธชเธฒเธกเธฒเธฃเธ–เธเธฑเธเธ—เธถเธเนเธ”เนเธชเธณเน€เธฃเนเธ
2. เธกเธตเนเธเนเธเน€เธ•เธทเธญเธเธขเธฑเธเธเธฃเธญเธเธเนเธญเธกเธนเธฅเนเธกเนเธเธฃเธ",No run,,
,,TC-STS-02-24-03,เธ•เธฃเธงเธเธชเธญเธเธเธฒเธฃเธ—เธณเธเธฒเธเธเธญเธเธเธธเนเธกเธเธฑเธเธ—เธถเธ เน€เธกเธทเนเธญเธเธฃเธญเธเธเนเธญเธกเธนเธฅเธเธฃเธเธ–เนเธงเธ,"1. เธเธฃเธญเธ เธเธทเนเธญเธเธนเนเนเธเน  
2. เธเธฃเธญเธ เธญเธตเน€เธกเธฅ
3. เธเธฃเธญเธ เน€เธเธญเธฃเนเนเธ—เธฃเธจเธฑเธเธ—เน","1. เน€เธเนเธฒ URL https://ststracking.vercel.app/login
2. เน€เธเนเธฒเธชเธนเนเธฃเธฐเธเธเธชเธณเน€เธฃเนเธ
3. เธญเธขเธนเนเนเธเธซเธเนเธฒเธเธญเธเธฑเธ”เธเธฒเธฃเธเธนเนเนเธเนเธเธฒเธ","1. เธเธทเนเธญเธเธนเนเนเธเน : เธเธฃเธนเธชเธกเธซเธงเธฑเธ เธ”เธตเนเธ
2. เธญเธตเน€เธกเธฅ : somwang@gmail.com
3. เน€เธเธญเธฃเนเนเธ—เธฃเธจเธฑเธเธ—เน : 0980980981",1. เธชเธฒเธกเธฒเธฃเธ–เธเธฑเธเธ—เธถเธเนเธ”เนเธชเธณเน€เธฃเนเธ,1. เธชเธฒเธกเธฒเธฃเธ–เธเธฑเธเธ—เธถเธเนเธ”เนเธชเธณเน€เธฃเนเธ,No run,,
TS-STS-02-26,เธ•เธฃเธงเธเธชเธญเธเธเธฒเธฃเธ—เธณเธเธฒเธเธเธญเธ Dialog เธฅเธเธเธนเนเนเธเนเธเธฒเธ,TC-STS-02-26-01,เธ•เธฃเธงเธเธชเธญเธเธเธฒเธฃเธ—เธณเธเธฒเธเธเธญเธ Dialog เธฅเธเธเธนเนเนเธเนเธเธฒเธ เน€เธกเธทเนเธญเธเธ”เธขเธเน€เธฅเธดเธ,"1. เธเธ”เธเธธเนเธก เธฅเธเธเธนเนเนเธเน
2. เธเธ”เธเธธเนเธก เธขเธเน€เธฅเธดเธ","1. เน€เธเนเธฒ URL https://ststracking.vercel.app/login
2. เน€เธเนเธฒเธชเธนเนเธฃเธฐเธเธเธชเธณเน€เธฃเนเธ
3. เธญเธขเธนเนเนเธเธซเธเนเธฒเธเธญเธเธฑเธ”เธเธฒเธฃเธเธนเนเนเธเนเธเธฒเธ",1. เธเธฃเธนเธญเธณเธเธฒเธ เนเธชเธเธ—เธญเธ,1. เธฃเธฐเธเธเธขเธเน€เธฅเธดเธเธเธฒเธฃเธฅเธเธเนเธญเธกเธนเธฅ,"1. เธชเธฒเธกเธฒเธฃเธ–เธเธ”เนเธ”เน
2. เธขเธเน€เธฅเธดเธเธเธฒเธฃเธฅเธเธเนเธญเธกเธนเธฅ",No run,,
,,TC-STS-02-26-02,เธ•เธฃเธงเธเธชเธญเธเธเธฒเธฃเธ—เธณเธเธฒเธเธเธญเธ Dialog เธฅเธเธเธนเนเนเธเนเธเธฒเธ เน€เธกเธทเนเธญเธเธ”เธขเธทเธเธขเธฑเธเธฅเธเธเธนเนเนเธเนเธเธฒเธ,"1. เธเธ”เธเธธเนเธก เธฅเธเธเธนเนเนเธเน
2. เธเธ”เธเธธเนเธก เธขเธทเธเธขเธฑเธเธฅเธเธเธนเนเนเธเน","1. เน€เธเนเธฒ URL https://ststracking.vercel.app/login
2. เน€เธเนเธฒเธชเธนเนเธฃเธฐเธเธเธชเธณเน€เธฃเนเธ
3. เธญเธขเธนเนเนเธเธซเธเนเธฒเธเธญเธเธฑเธ”เธเธฒเธฃเธเธนเนเนเธเนเธเธฒเธ",1. เธเธฃเธนเธญเธณเธเธฒเธ เนเธชเธเธ—เธญเธ,1. เธฃเธฐเธเธเธญเธฑเธเน€เธ”เธ•เธเธฅเธฅเธฑเธเธเนเนเธซเธกเน,"1. เธชเธฒเธกเธฒเธฃเธ–เธเธ”เนเธ”เน
2. เธชเธฒเธกเธฒเธฃเธ–เธฅเธเธเนเธญเธกเธนเธฅเธเธนเนเนเธเนเนเธ”เน",No run,,
TS-STS-02-28,เธ•เธฃเธงเธเธชเธญเธเธเธฒเธฃเธ—เธณเธเธฒเธเธเธญเธ Dialog เธฃเธฐเธเธฑเธเธเธนเนเนเธเน,TC-STS-02-28-02,เธ•เธฃเธงเธเธชเธญเธเธเธฒเธฃเธ—เธณเธเธฒเธเธเธญเธ Dialog เธฃเธฐเธเธฑเธเธเธนเนเนเธเน,1. เธเธ”เธเธธเนเธก เธฃเธฐเธเธฑเธ,"1. เน€เธเนเธฒ URL https://ststracking.vercel.app/login
2. เน€เธเนเธฒเธชเธนเนเธฃเธฐเธเธเธชเธณเน€เธฃเนเธ
3. เธญเธขเธนเนเนเธเธซเธเนเธฒเธเธญเธเธฑเธ”เธเธฒเธฃเธเธนเนเนเธเนเธเธฒเธ",1. เธเธฃเธนเธชเธกเธซเธงเธฑเธ เธ”เธตเนเธ,"1. เธชเธฒเธกเธฒเธฃเธ–เธเธ”เนเธ”เน
2. เธชเธฒเธกเธฒเธฃเธ–เธฃเธฐเธเธฑเธเธเธนเนเนเธเนเนเธ”เน","1. เธชเธฒเธกเธฒเธฃเธ–เธเธ”เนเธ”เน
2. เธชเธฒเธกเธฒเธฃเธ–เธฃเธฐเธเธฑเธเธเธนเนเนเธเนเนเธ”เน",No run,,
TS-STS-02-29,เธ•เธฃเธงเธเธชเธญเธเธเธฒเธฃเธ—เธณเธเธฒเธเธเธญเธ Dialog เธฃเธตเน€เธเนเธ•เธฃเธซเธฑเธชเธเนเธฒเธ,TC-STS-02-29-02,เธ•เธฃเธงเธเธชเธญเธเธเธฒเธฃเธ—เธณเธเธฒเธเธเธญเธ Dialog เธฃเธตเน€เธเนเธ•เธฃเธซเธฑเธชเธเนเธฒเธ เน€เธกเธทเนเธญเธเธ”เธขเธทเธเธขเธฑเธเธฃเธตเน€เธเนเธ•เธฃเธซเธฑเธชเธเนเธฒเธ,1. เธเธ”เธเธธเนเธก เธขเธทเธเธขเธฑเธเธฃเธตเน€เธเนเธ•เธฃเธซเธฑเธชเธเนเธฒเธ,"1. เน€เธเนเธฒ URL https://ststracking.vercel.app/login
2. เน€เธเนเธฒเธชเธนเนเธฃเธฐเธเธเธชเธณเน€เธฃเนเธ
3. เธญเธขเธนเนเนเธเธซเธเนเธฒเธเธญเธเธฑเธ”เธเธฒเธฃเธเธนเนเนเธเนเธเธฒเธ",1. เธเธฃเธนเธชเธกเธซเธงเธฑเธ เธ”เธตเนเธ,"1. เธฃเธตเน€เธเนเธ•เธฃเธซเธฑเธชเธเนเธฒเธ
2. เธชเธฃเนเธฒเธเธฃเธซเธฑเธชเธเนเธฒเธเธเธฑเนเธงเธเธฃเธฒเธง","1. เธชเธฒเธกเธฒเธฃเธ–เธเธ”เนเธ”เน
2. เธฃเธตเน€เธเนเธ•เธฃเธซเธฑเธชเธเนเธฒเธ
3. เธชเธฃเนเธฒเธเธฃเธซเธฑเธชเธเนเธฒเธเธเธฑเนเธงเธเธฃเธฒเธง",No run,,
TS-STS-02-30,เธ•เธฃเธงเธเธชเธญเธเธเธฒเธฃเธ—เธณเธเธฒเธเธเธญเธเธเธธเนเธกเน€เธเธดเนเธกเธเธนเนเนเธเน เนเธเน€เธเธดเนเธกเธเธนเนเนเธเนเนเธซเธกเน,TC-STS-02-30-02,เธ•เธฃเธงเธเธชเธญเธเธเธฒเธฃเธ—เธณเธเธฒเธเธเธญเธเธเธธเนเธกเน€เธเธดเนเธกเธเธนเนเนเธเน เน€เธกเธทเนเธญเนเธกเนเธกเธตเธเธฒเธฃเธเธฃเธญเธเธเนเธญเธกเธนเธฅ,1. เธเธ”เธเธธเนเธก เน€เธเธดเนเธกเธเธนเนเนเธเน,"1. เน€เธเนเธฒ URL https://ststracking.vercel.app/login
2. เน€เธเนเธฒเธชเธนเนเธฃเธฐเธเธเธชเธณเน€เธฃเนเธ
3. เธญเธขเธนเนเนเธเธซเธเนเธฒเธเธญเธเธฑเธ”เธเธฒเธฃเธเธนเนเนเธเนเธเธฒเธ",,1. เธกเธตเนเธเนเธเน€เธ•เธทเธญเธเธเธฃเธญเธเธเนเธญเธกเธนเธฅเนเธซเนเธเธฃเธ,"1. เนเธกเนเธชเธฒเธกเธฒเธฃเธ–เน€เธเธดเนเธกเธเธนเนเนเธเนเนเธ”เน
2. เธกเธตเนเธเนเธเน€เธ•เธทเธญเธเธเธฃเธญเธเธเนเธญเธกเธนเธฅเนเธซเนเธเธฃเธ",No run,,
,,TC-STS-02-30-03,เธ•เธฃเธงเธเธชเธญเธเธเธฒเธฃเธ—เธณเธเธฒเธเธเธญเธเธเธธเนเธกเน€เธเธดเนเธกเธเธนเนเนเธเน เน€เธกเธทเนเธญเธเธฃเธญเธเธเนเธญเธกเธนเธฅเธเธฃเธเธ–เนเธงเธ,"1. เธเธฃเธญเธ เธเธทเนเธญ-เธเธฒเธกเธชเธเธธเธฅ
2. เธเธ” เธชเธธเนเธกเธฃเธซเธฑเธชเธเนเธฒเธ
2. เน€เธฅเธทเธญเธ เธเธ—เธเธฒเธ—
3. เธเธ”เธเธธเนเธก เน€เธเธดเนเธกเธเธนเนเนเธเน","1. เน€เธเนเธฒ URL https://ststracking.vercel.app/login
2. เน€เธเนเธฒเธชเธนเนเธฃเธฐเธเธเธชเธณเน€เธฃเนเธ
3. เธญเธขเธนเนเนเธเธซเธเนเธฒเธเธญเธเธฑเธ”เธเธฒเธฃเธเธนเนเนเธเนเธเธฒเธ","1. เธเธทเนเธญ-เธเธฒเธกเธชเธเธธเธฅ : เธเธฃเธนเธซเธงเธฑเธ เนเธเธฃเนเธกเนเธ
2. เธเธ—เธเธฒเธ— : เธเธฃเธนเธ—เธตเนเธเธฃเธถเธเธฉเธฒ",1. เธชเธฒเธกเธฒเธฃเธ–เธเธฑเธเธ—เธถเธเธชเธณเน€เธฃเนเธเนเธฅเธฐเนเธชเธ”เธเธเธฅเนเธเธ•เธฒเธฃเธฒเธ,1. เธชเธฒเธกเธฒเธฃเธ–เธเธฑเธเธ—เธถเธเธชเธณเน€เธฃเนเธเนเธฅเธฐเนเธชเธ”เธเธเธฅเนเธเธ•เธฒเธฃเธฒเธ,No run,,
TS-STS-02-31,เธ•เธฃเธงเธเธชเธญเธเธเธฒเธฃเธเธฃเธญเธเธเนเธญเธกเธนเธฅ เนเธเน€เธเธดเนเธกเธเธนเนเนเธเนเนเธซเธกเน,TC-STS-02-31-03,เธ•เธฃเธงเธเธชเธญเธเธเธฒเธฃเธเธฃเธญเธเธเนเธญเธกเธนเธฅ เธเธทเนเธญเธเธนเนเนเธเนเน€เธเนเธเธ เธฒเธฉเธฒเนเธ—เธข,"1. เธเธ”เธเนเธญเธ เธเธทเนเธญเธเธนเนเนเธเน
2. เธเธฃเธญเธ เธเนเธญเธกเธนเธฅ","1. เน€เธเนเธฒ URL https://ststracking.vercel.app/login
2. เน€เธเนเธฒเธชเธนเนเธฃเธฐเธเธเธชเธณเน€เธฃเนเธ
3. เธญเธขเธนเนเนเธเธซเธเนเธฒเธเธญเธเธฑเธ”เธเธฒเธฃเธเธนเนเนเธเนเธเธฒเธ",1. เธกเธญเธกเนเธกเธก,1. เนเธกเนเธชเธฒเธกเธฒเธฃเธ–เธเธฃเธญเธเธเนเธญเธกเธนเธฅเนเธ”เน,1. เนเธกเนเธชเธฒเธกเธฒเธฃเธ–เธเธฃเธญเธเธเนเธญเธกเธนเธฅเนเธ”เน,No run,,
TS-STS-02-32,เธ•เธฃเธงเธเธชเธญเธเธเธฒเธฃเธเธฃเธญเธเธเนเธญเธกเธนเธฅ เนเธเธเธฃเธฑเธเน€เธเธฅเธตเนเธขเธเธชเธดเธ—เธเธดเนเธเธฒเธฃเนเธเนเธเธฒเธ,TC-STS-02-32-04,เธ•เธฃเธงเธเธชเธญเธเธเธฒเธฃเธเธฃเธญเธเธเนเธญเธกเธนเธฅ เธเธ—เธเธฒเธ— เธ•เนเธญเธเธขเธทเธเธขเธฑเธเธฃเธซเธฑเธชเธเนเธฒเธเธเนเธญเธ,"1. เธเธ”เธเธธเนเธก เธเธฃเธฑเธเน€เธเธฅเธตเนเธขเธเธชเธดเธ—เธเธดเน
2. เธขเธทเธเธขเธฑเธเธฃเธซเธฑเธชเธเนเธฒเธ","1. เน€เธเนเธฒ URL https://ststracking.vercel.app/login
2. เน€เธเนเธฒเธชเธนเนเธฃเธฐเธเธเธชเธณเน€เธฃเนเธ
3. เธญเธขเธนเนเนเธเธซเธเนเธฒเธเธญเธเธฑเธ”เธเธฒเธฃเธเธนเนเนเธเนเธเธฒเธ",,1. เธชเธฒเธกเธฒเธฃเธ–เน€เธเธฅเธตเนเธขเธเธเธ—เธเธฒเธ—เนเธ”เน,1. เธชเธฒเธกเธฒเธฃเธ–เน€เธเธฅเธตเนเธขเธเธเธ—เธเธฒเธ—เนเธ”เน,No run,,
TS-STS-02-34,เธ•เธฃเธงเธเธชเธญเธเธเธฒเธฃเนเธชเธ”เธเธเธฅเธเนเธญเธกเธนเธฅเธเธนเนเนเธเนเธเธฒเธ เธซเธฅเธฑเธเธเธฒเธฃเน€เธเธดเนเธก,TC-STS-02-34-01,เธ•เธฃเธงเธเธชเธญเธเธเธฒเธฃเนเธชเธ”เธเธเธฅ เน€เธกเธทเนเธญเน€เธเธดเนเธกเธเธนเนเนเธเนเธเธฒเธเนเธซเธกเน,"1. เธเธฃเธญเธ เธเธทเนเธญ-เธเธฒเธกเธชเธเธธเธฅ
2. เธเธ” เธชเธธเนเธกเธฃเธซเธฑเธชเธเนเธฒเธ
2. เน€เธฅเธทเธญเธ เธเธ—เธเธฒเธ—
3. เธเธ”เธเธธเนเธก เน€เธเธดเนเธกเธเธนเนเนเธเน","1. เน€เธเนเธฒ URL https://ststracking.vercel.app/login
2. เน€เธเนเธฒเธชเธนเนเธฃเธฐเธเธเธชเธณเน€เธฃเนเธ
3. เธญเธขเธนเนเนเธเธซเธเนเธฒเธเธญเธเธฑเธ”เธเธฒเธฃเธเธนเนเนเธเนเธเธฒเธ","1. เธเธทเนเธญ-เธเธฒเธกเธชเธเธธเธฅ : เธเธฃเธนเธญเธณเธเธฒเธ เธเธฒเธ”เธซเธงเธฑเธ
2. เธเธ—เธเธฒเธ— : เธเธฃเธนเธ—เธตเนเธเธฃเธถเธเธฉเธฒ","1. เน€เธเธดเนเธกเธเธนเนเนเธเนเธเธฒเธเธชเธณเน€เธฃเนเธ
2. เธเธฅเธฑเธเนเธเธขเธฑเธเธซเธเนเธฒเธเธญเธ•เธฒเธฃเธฒเธเธเธนเนเนเธเนเธเธฒเธ","1. เน€เธเธดเนเธกเธเธนเนเนเธเนเธเธฒเธเธชเธณเน€เธฃเนเธ
2. เธเธฅเธฑเธเนเธเธขเธฑเธเธซเธเนเธฒเธเธญเธ•เธฒเธฃเธฒเธเธเธนเนเนเธเนเธเธฒเธ",No run,,
TS-STS-02-35,เธ•เธฃเธงเธเธชเธญเธเธเธฒเธฃเนเธชเธ”เธเธเธฅเธเนเธญเธกเธนเธฅเธเธนเนเนเธเนเธเธฒเธ เธซเธฅเธฑเธเธเธฒเธฃเนเธเนเนเธ,TC-STS-02-35-02,เธ•เธฃเธงเธเธชเธญเธเธเธฒเธฃเนเธชเธ”เธเธเธฅ เน€เธกเธทเนเธญเธกเธตเธเธฒเธฃเนเธเนเนเธเธเนเธญเธกเธนเธฅ เนเธฅเนเธงเธเธ”เธเธฑเธเธ—เธถเธ,"1. เธเธ”เธเธธเนเธก เนเธเนเนเธ
2. เนเธเนเนเธ เธเนเธญเธกเธนเธฅ
3. เธเธ”เธเธธเนเธก  เธเธฑเธเธ—เธถเธ","1. เน€เธเนเธฒ URL https://ststracking.vercel.app/login
2. เน€เธเนเธฒเธชเธนเนเธฃเธฐเธเธเธชเธณเน€เธฃเนเธ
3. เธญเธขเธนเนเนเธเธซเธเนเธฒเธเธญเธเธฑเธ”เธเธฒเธฃเธเธนเนเนเธเนเธเธฒเธ",1. เธเธทเนเธญ-เธเธฒเธกเธชเธเธธเธฅ : เธเธฃเธนเธซเธงเธฑเธ เธเธฒเธ”เธซเธงเธฑเธ,1. เธฃเธฐเธเธเนเธชเธ”เธเธเนเธญเธกเธนเธฅเธเธเธ•เธฒเธฃเธฒเธเธ–เธนเธเธ•เนเธญเธเธเธฃเธเธ–เนเธงเธ,1.เนเธชเธ”เธเธเนเธญเธกเธนเธฅเธเธเธ•เธฒเธฃเธฒเธเธ–เธนเธเธ•เนเธญเธเธเธฃเธเธ–เนเธงเธ,No run,,
TS-STS-02-36,เธ•เธฃเธงเธเธชเธญเธเธเธฒเธฃเนเธชเธ”เธเธเธฅเธเนเธญเธกเธนเธฅเธเธนเนเนเธเนเธเธฒเธ เธซเธฅเธฑเธเธฃเธฐเธเธฑเธเธเธฒเธฃเนเธเนเธเธฒเธ,TC-STS-02-36-01,เธ•เธฃเธงเธเธชเธญเธเธเธฒเธฃเนเธชเธ”เธเธเธฅ เน€เธกเธทเนเธญเธเธ”เธฃเธฐเธเธฑเธเธเธนเนเนเธเนเธเธฒเธ,1. เธเธ”เธเธธเนเธก เธฃเธฐเธเธฑเธ,"1. เน€เธเนเธฒ URL https://ststracking.vercel.app/login
2. เน€เธเนเธฒเธชเธนเนเธฃเธฐเธเธเธชเธณเน€เธฃเนเธ
3. เธญเธขเธนเนเนเธเธซเธเนเธฒเธเธญเธเธฑเธ”เธเธฒเธฃเธเธนเนเนเธเนเธเธฒเธ",1. เธเธฃเธนเธซเธงเธฑเธ เธเธฒเธ”เธซเธงเธฑเธ,1. เธฃเธฐเธเธเนเธชเธ”เธเธเนเธญเธกเธนเธฅเธเธเธ•เธฒเธฃเธฒเธเน€เธเนเธเธฃเธฐเธเธฑเธ,1. เนเธชเธ”เธเธเนเธญเธกเธนเธฅเธเธเธ•เธฒเธฃเธฒเธเน€เธเนเธเธฃเธฐเธเธฑเธ,No run,,
,,,,,,,,,,,
,,,,,,,,,,,
,,,,,,,,,,,
,,,,,,,,,,,
Project Name,เธฃเธฐเธเธเธ•เธดเธ”เธ•เธฒเธกเธเธงเธฒเธกเธเนเธฒเธงเธซเธเนเธฒเธเธนเนเน€เธฃเธตเธขเธ,,,,,,,,,,
Function,เธเธฑเธ”เธเธฒเธฃเธเนเธญเธกเธนเธฅเธเธฑเธเน€เธฃเธตเธขเธเนเธฅเธฐเธซเนเธญเธเน€เธฃเธตเธขเธ,,,,,,,,,,
,,,,,,,,,,,
Test Scenario ID,Test Scenario Description,Test Case ID,Test Case Description ,Test Step,Pre-Condition,Test Data,Post-Condition,Expected Result,Test Result,Remark,Defect No.
TS-STS-03-01,เธ•เธฃเธงเธเธชเธญเธเธเธฒเธฃเธ—เธณเธเธฒเธเธเธญเธเธเนเธญเธเธเนเธเธซเธฒเธเธฑเธเน€เธฃเธตเธขเธ,TC-STS-03-01-02,เธ•เธฃเธงเธเธชเธญเธเธเธฒเธฃเธ—เธณเธเธฒเธเธเธญเธเธเนเธญเธเธเนเธเธซเธฒ เน€เธกเธทเนเธญเธเธฃเธญเธเธฃเธซเธฑเธชเธเธฑเธเน€เธฃเธตเธขเธ,"1. เธเธ”เธเนเธญเธ เธเนเธเธซเธฒ
2. เธเธฃเธญเธ เธเนเธญเธกเธนเธฅ","1. เน€เธเนเธฒ URL https://ststracking.vercel.app/login
2. เน€เธเนเธฒเธชเธนเนเธฃเธฐเธเธเธชเธณเน€เธฃเนเธ
3. เธญเธขเธนเนเนเธเธซเธเนเธฒเธเธญเธเธฑเธ”เธเธฒเธฃเธเนเธญเธกเธนเธฅเธเธฑเธเน€เธฃเธตเธขเธ",1. aa691502,1. เธฃเธฐเธเธเนเธชเธ”เธเธเธฅเธฅเธฑเธเธเนเธ•เธฃเธเธเธฑเธเธเธณเธเนเธเธซเธฒ,"1. เธชเธฒเธกเธฒเธฃเธ–เธเธฃเธญเธเธเนเธญเธกเธนเธฅเนเธ”เน
2.  เนเธชเธ”เธเธเนเธญเธกเธนเธฅเธ•เธฃเธเธเธฑเธเธ—เธตเนเธเนเธเธซเธฒ",No run,,
,,TC-STS-03-01-03,เธ•เธฃเธงเธเธชเธญเธเธเธฒเธฃเธ—เธณเธเธฒเธเธเธญเธเธเนเธญเธเธเนเธเธซเธฒ เน€เธกเธทเนเธญเธเธฃเธญเธเธเธทเนเธญเธเธนเนเนเธเนเธเธฒเธเนเธกเนเธ–เธนเธเธ•เนเธญเธ,"1. เธเธ”เธเนเธญเธ เธเนเธเธซเธฒ
2. เธเธฃเธญเธ เธเนเธญเธกเธนเธฅ","1. เน€เธเนเธฒ URL https://ststracking.vercel.app/login
2. เน€เธเนเธฒเธชเธนเนเธฃเธฐเธเธเธชเธณเน€เธฃเนเธ
3. เธญเธขเธนเนเนเธเธซเธเนเธฒเธเธญเธเธฑเธ”เธเธฒเธฃเธเนเธญเธกเธนเธฅเธเธฑเธเน€เธฃเธตเธขเธ",1. เธจเธชเธดเธเธฃ,1. เธฃเธฐเธเธเนเธกเนเธเธเธเนเธญเธกเธนเธฅเธ—เธตเนเธเนเธเธซเธฒ,1. เนเธกเนเนเธชเธ”เธเธเธฅเธเนเธญเธกเธนเธฅเธ—เธตเนเธเธฃเธญเธ,No run,,
,,TC-STS-03-01-04,เธ•เธฃเธงเธเธชเธญเธเธเธฒเธฃเธ—เธณเธเธฒเธเธเธญเธเธเนเธญเธเธเนเธเธซเธฒ เน€เธกเธทเนเธญเธเธฃเธญเธเธเธทเนเธญเธเธนเนเนเธเนเธเธฒเธเธ–เธนเธเธ•เนเธญเธ,"1. เธเธ”เธเนเธญเธ เธเนเธเธซเธฒ
2. เธเธฃเธญเธ เธเนเธญเธกเธนเธฅ","1. เน€เธเนเธฒ URL https://ststracking.vercel.app/login
2. เน€เธเนเธฒเธชเธนเนเธฃเธฐเธเธเธชเธณเน€เธฃเนเธ
3. เธญเธขเธนเนเนเธเธซเธเนเธฒเธเธญเธเธฑเธ”เธเธฒเธฃเธเนเธญเธกเธนเธฅเธเธฑเธเน€เธฃเธตเธขเธ","1. เธจเธจเธดเธเธฃ เธเธธเธเธจเธฃเธต
2. เธจเธจเธดเธเธฃ",1. เธฃเธฐเธเธเนเธชเธ”เธเธเธฅเธฅเธฑเธเธเนเธ•เธฃเธเธเธฑเธเธเธณเธเนเธเธซเธฒ,"1. เธชเธฒเธกเธฒเธฃเธ–เธเธฃเธญเธเธเนเธญเธกเธนเธฅเนเธ”เน
2. เนเธชเธ”เธเน€เธเธเธฒเธฐเธเนเธญเธกเธนเธฅเธ—เธตเนเธ•เธฃเธเธเธฑเธ",No run,,
TS-STS-03-10,เธ•เธฃเธงเธเธชเธญเธเธเธฒเธฃเธเธฃเธญเธเธเนเธญเธกเธนเธฅเนเธเน€เธเธดเนเธกเธเธฑเธเน€เธฃเธตเธขเธเนเธซเธกเน,TC-STS-03-10-03,เธ•เธฃเธงเธเธชเธญเธเธเธฒเธฃเธเธฃเธญเธเธเนเธญเธกเธนเธฅเธฃเธซเธฑเธชเธเธฑเธเน€เธฃเธตเธขเธ เน€เธกเธทเนเธญเธเธฃเธญเธเธเนเธญเธกเธนเธฅเธเนเธณ,"1. เธเธ”เธเนเธญเธ เธฃเธซเธฑเธชเธเธฑเธเน€เธฃเธตเธขเธ
2. เธเธฃเธญเธ เธเนเธญเธกเธนเธฅ","1. เน€เธเนเธฒ URL https://ststracking.vercel.app/login
2. เน€เธเนเธฒเธชเธนเนเธฃเธฐเธเธเธชเธณเน€เธฃเนเธ
3. เธญเธขเธนเนเนเธเธซเธเนเธฒเธเธญเธเธฑเธ”เธเธฒเธฃเธเนเธญเธกเธนเธฅเธเธฑเธเน€เธฃเธตเธขเธ",1. aa692003,1. เธกเธตเนเธเนเธเน€เธ•เธทเธญเธเธฃเธซเธฑเธชเธเธฑเธเน€เธฃเธตเธขเธเธกเธตเนเธเธฃเธฐเธเธเธญเธขเธนเนเนเธฅเนเธง,"1. เธชเธฒเธกเธฒเธฃเธ–เธเธฃเธญเธเธเนเธญเธกเธนเธฅเนเธ”เน
2. เนเธเนเธเน€เธ•เธทเธญเธเธฃเธซเธฑเธชเธเธฑเธเน€เธฃเธตเธขเธเธกเธตเนเธเธฃเธฐเธเธเธญเธขเธนเนเนเธฅเนเธง",No run,,
TS-STS-03-11,เธ•เธฃเธงเธเธชเธญเธเธเธฒเธฃเธ—เธณเธเธฒเธเธเธญเธเธเธธเนเธกเธเธฑเธเธ—เธถเธ เธขเธเน€เธฅเธดเธเนเธเธซเธเนเธฒเธ•เนเธฒเธ Dialog เน€เธเธดเนเธกเธเธฑเธเน€เธฃเธตเธขเธเนเธซเธกเน,TC-STS-03-11-01,เธ•เธฃเธงเธเธชเธญเธเธเธฒเธฃเธ—เธณเธเธฒเธเธเธญเธเธเธธเนเธกเธเธฑเธเธ—เธถเธ เน€เธกเธทเนเธญเธเธฃเธญเธเธเนเธญเธกเธนเธฅเนเธกเนเธเธฃเธ,"1. เธเธฃเธญเธ เธเนเธญเธกเธนเธฅ
2. เธเธ”เธเธธเนเธก เธเธฑเธเธ—เธถเธ","1. เน€เธเนเธฒ URL https://ststracking.vercel.app/login
2. เน€เธเนเธฒเธชเธนเนเธฃเธฐเธเธเธชเธณเน€เธฃเนเธ
3. เธญเธขเธนเนเนเธเธซเธเนเธฒเธเธญเธเธฑเธ”เธเธฒเธฃเธเนเธญเธกเธนเธฅเธเธฑเธเน€เธฃเธตเธขเธ",1. เธกเธเธ•เนเนเธเธ,1. เธกเธตเนเธเนเธเน€เธ•เธทเธญเธเธขเธฑเธเธเธฃเธญเธเธเนเธญเธกเธนเธฅเนเธกเนเธเธฃเธ,"1. เนเธกเนเธชเธฒเธกเธฒเธฃเธ–เธเธฑเธเธ—เธถเธเนเธ”เนเธชเธณเน€เธฃเนเธ
2. เธกเธตเนเธเนเธเน€เธ•เธทเธญเธเธขเธฑเธเธเธฃเธญเธเธเนเธญเธกเธนเธฅเนเธกเนเธเธฃเธ",No run,,
,,TC-STS-03-11-02,เธ•เธฃเธงเธเธชเธญเธเธเธฒเธฃเธ—เธณเธเธฒเธเธเธญเธเธเธธเนเธกเธเธฑเธเธ—เธถเธ เน€เธกเธทเนเธญเธเธฃเธญเธเธเนเธญเธกเธนเธฅเธเธฃเธเธ–เนเธงเธ,"1. เธเธฃเธญเธ เธเนเธญเธกเธนเธฅ
2. เธเธ”เธเธธเนเธก เธเธฑเธเธ—เธถเธ","1. เน€เธเนเธฒ URL https://ststracking.vercel.app/login
2. เน€เธเนเธฒเธชเธนเนเธฃเธฐเธเธเธชเธณเน€เธฃเนเธ
3. เธญเธขเธนเนเนเธเธซเธเนเธฒเธเธญเธเธฑเธ”เธเธฒเธฃเธเนเธญเธกเธนเธฅเธเธฑเธเน€เธฃเธตเธขเธ","1. aa111111
2. เธกเธเธ•เนเนเธเธ
3. เนเธเนเธเธเธนเธ
4. เธเธฒเธข
5. 27/01/2005
6. เธก.1/1
7. เธ•เธณเธเธฅเนเธชเธเธชเธธเธ เธญเธณเน€เธ เธญเน€เธกเธทเธญเธ",1. เธชเธฒเธกเธฒเธฃเธ–เธเธฑเธเธ—เธถเธเนเธ”เนเธชเธณเน€เธฃเนเธ,1. เธชเธฒเธกเธฒเธฃเธ–เธเธฑเธเธ—เธถเธเนเธ”เนเธชเธณเน€เธฃเนเธ,No run,,
,,TC-STS-03-11-05,เธ•เธฃเธงเธเธชเธญเธเธเธฒเธฃเธ—เธณเธเธฒเธเธเธญเธเธเธธเนเธกเธขเธเน€เธฅเธดเธ เน€เธกเธทเนเธญเธเธฃเธญเธเธเนเธญเธกเธนเธฅ,"1. เธเธฃเธญเธ เธเนเธญเธกเธนเธฅ 
2. เธเธ”เธเธธเนเธก เธเธฑเธเธ—เธถเธ","1. เน€เธเนเธฒ URL https://ststracking.vercel.app/login
2. เน€เธเนเธฒเธชเธนเนเธฃเธฐเธเธเธชเธณเน€เธฃเนเธ
3. เธญเธขเธนเนเนเธเธซเธเนเธฒเธเธญเธเธฑเธ”เธเธฒเธฃเธเนเธญเธกเธนเธฅเธเธฑเธเน€เธฃเธตเธขเธ","1. aa111111
2. เธกเธเธ•เนเนเธเธ
3. เนเธเนเธเธเธนเธ",1. เธกเธตเนเธเนเธเน€เธ•เธทเธญเธเธขเธทเธเธขเธฑเธเธเธฒเธฃเธขเธเน€เธฅเธดเธ,1. เธกเธตเนเธเนเธเน€เธ•เธทเธญเธเธขเธทเธเธขเธฑเธเธเธฒเธฃเธขเธเน€เธฅเธดเธ,No run,,
TS-STS-03-12,เธ•เธฃเธงเธเธชเธญเธเธเธฒเธฃเธ—เธณเธเธฒเธเธเธญเธเธเธธเนเธกเธเธฃเธฐเธงเธฑเธ•เธดเธเธฒเธฃเธเธณเน€เธเนเธฒ,TC-STS-03-12-01,เธ•เธฃเธงเธเธชเธญเธเธเธฒเธฃเธ—เธณเธเธฒเธเธเธญเธเธเธธเนเธก เธเธฃเธฐเธงเธฑเธ•เธดเธเธฒเธฃเธเธณเน€เธเนเธฒ,1. เธเธ”เธเธธเนเธก เธเธฃเธฐเธงเธฑเธ•เธดเธเธฒเธฃเธเธณเน€เธเนเธฒ,"1. เน€เธเนเธฒ URL https://ststracking.vercel.app/login
2. เน€เธเนเธฒเธชเธนเนเธฃเธฐเธเธเธชเธณเน€เธฃเนเธ
3. เธญเธขเธนเนเนเธเธซเธเนเธฒเธเธญเธเธณเน€เธเนเธฒเธเนเธญเธกเธนเธฅเธเธฑเธเน€เธฃเธตเธขเธ",,1. เธฃเธฐเธเธเน€เธเธดเธ”เธซเธเนเธฒเธ•เนเธฒเธ เธเธฃเธฐเธงเธฑเธ•เธดเธเธฒเธฃเธเธณเน€เธเนเธฒ,1. เธชเธฒเธกเธฒเธฃเธ–เธ”เธนเธเธฃเธฐเธงเธฑเธ•เธดเธเธฒเธฃเธเธณเน€เธเนเธฒเธเธฑเธเน€เธฃเธตเธขเธเนเธ”เน,No run,,
,,TC-STS-03-12-09,เธ•เธฃเธงเธเธชเธญเธเธเธฒเธฃเธ—เธณเธเธฒเธเธเธญเธเธเธธเนเธก เธ”เธนเธเธฅ,1. เธเธ”เธเธธเนเธก เธ”เธนเธเธฅ,"1. เน€เธเนเธฒ URL https://ststracking.vercel.app/login
2. เน€เธเนเธฒเธชเธนเนเธฃเธฐเธเธเธชเธณเน€เธฃเนเธ
3. เธญเธขเธนเนเนเธเธซเธเนเธฒเธเธญเธเธณเน€เธเนเธฒเธเนเธญเธกเธนเธฅเธเธฑเธเน€เธฃเธตเธขเธ",,1. เธฃเธฐเธเธเน€เธเธดเธ”เธซเธเนเธฒเธ•เนเธฒเธเธฃเธฒเธขเธฅเธฐเน€เธญเธตเธขเธ”เธเธฅเธเธฒเธฃเธเธณเน€เธเนเธฒ,1. เธชเธฒเธกเธฒเธฃเธ–เธ”เธนเธฃเธฒเธขเธฅเธฐเน€เธญเธตเธขเธ”เธเธญเธเธเธฃเธฐเธงเธฑเธ•เธดเธเธฒเธฃเธเธณเน€เธเนเธฒเนเธ”เน,No run,,
TS-STS-03-13,เธ•เธฃเธงเธเธชเธญเธเธเธฒเธฃเธ—เธณเธเธฒเธเธเธญเธเธเนเธญเธเธญเธฑเธเนเธซเธฅเธ”เนเธเธฅเน,TC-STS-03-13-02,เธ•เธฃเธงเธเธชเธญเธเธเธฒเธฃเนเธชเธ”เธเธเธฅ เน€เธกเธทเนเธญเธญเธฑเธเนเธซเธฅเธ”เนเธเธฅเนเธชเธณเน€เธฃเนเธ,"1. เธเธ” เธเนเธญเธเธเธณเน€เธเนเธฒเนเธเธฅเน
2. เธญเธฑเธเนเธซเธฅเธ”เนเธเธฅเน","1. เน€เธเนเธฒ URL https://ststracking.vercel.app/login
2. เน€เธเนเธฒเธชเธนเนเธฃเธฐเธเธเธชเธณเน€เธฃเนเธ
3. เธญเธขเธนเนเนเธเธซเธเนเธฒเธเธญเธเธณเน€เธเนเธฒเธเนเธญเธกเธนเธฅเธเธฑเธเน€เธฃเธตเธขเธ",1. student_mock,1. เธฃเธฐเธเธเนเธชเธ”เธเธชเธ–เธฒเธเธฐ เธเธณเน€เธเนเธฒเนเธเธฅเนเธชเธณเน€เธฃเนเธ,"1. เธชเธฒเธกเธฒเธฃเธ–เธเธณเน€เธเนเธฒเนเธเธฅเนเธชเธณเน€เธฃเนเธ
2. เธกเธตเนเธเนเธเน€เธ•เธทเธญเธเธณเน€เธเนเธฒเนเธเธฅเนเธชเธณเน€เธฃเนเธ",No run,,
TS-STS-03-15,เธ•เธฃเธงเธเธชเธญเธเธเธฒเธฃเธ—เธณเธเธฒเธเธเธญเธเธเธธเนเธกเธ”เธฒเธงเนเธซเธฅเธ”เน€เธ—เธกเน€เธเธฅเธ•,TC-STS-03-15-01,เธ•เธฃเธงเธเธชเธญเธเธเธฒเธฃเธ—เธณเธเธฒเธเธเธญเธ เธเธธเนเธกเธ”เธฒเธงเธเนเนเธซเธฅเธ”เน€เธ—เธกเน€เธเธฅเธ•,"1. เธเธ”เธ•เธฑเธงเธเธฃเธญเธ เธฃเธนเธเนเธเธเนเธเธฅเน
2. เน€เธฅเธทเธญเธ เธเนเธญเธกเธนเธฅ
3. เธเธ”เธเธธเนเธก เธ”เธฒเธงเธเนเนเธซเธฅเธ” template","1. เน€เธเนเธฒ URL https://ststracking.vercel.app/login
2. เน€เธเนเธฒเธชเธนเนเธฃเธฐเธเธเธชเธณเน€เธฃเนเธ
3. เธญเธขเธนเนเนเธเธซเธเนเธฒเธเธญเธเธณเน€เธเนเธฒเธเนเธญเธกเธนเธฅเธเธฑเธเน€เธฃเธตเธขเธ",1. csv (.csv),1. เธฃเธฐเธเธเธชเนเธเธญเธญเธเน€เธ—เธกเน€เธเธฅเธ•เนเธเธฅเน,1. เธชเธฒเธกเธฒเธฃเธ–เธ”เธฒเธงเนเธซเธฅเธ”เนเธ”เนเธชเธณเน€เธฃเนเธ,No run,,
TS-STS-03-26,เธ•เธฃเธงเธเธชเธญเธเธเธฒเธฃเธเธฃเธญเธเธเนเธญเธกเธนเธฅเนเธเธเธฑเธ”เธเธฑเธเน€เธฃเธตเธขเธเน€เธเนเธฒเธซเนเธญเธ,TC-STS-03-26-04,เธ•เธฃเธงเธเธชเธญเธเธเธฒเธฃเธ—เธณเธเธฒเธเธเธญเธเธเธธเนเธกเธเธฑเธ”เน€เธเนเธฒเธซเนเธญเธ,"1. เน€เธฅเธทเธญเธ เธเนเธญเธกเธนเธฅเธเธฑเธเน€เธฃเธตเธขเธ
2. เน€เธฅเธทเธญเธเธซเนเธญเธเธเธฅเธฒเธขเธ—เธฒเธ
3. เธเธ”เธเธธเนเธก เธเธฑเธ”เน€เธเนเธฒเธซเนเธญเธ","1. เน€เธเนเธฒ URL https://ststracking.vercel.app/login
2. เน€เธเนเธฒเธชเธนเนเธฃเธฐเธเธเธชเธณเน€เธฃเนเธ
3. เธญเธขเธนเนเนเธเธซเธเนเธฒเธเธญเธเธฑเธ”เธเธฒเธฃเธเนเธญเธกเธนเธฅเธซเนเธญเธเน€เธฃเธตเธขเธ","1. เธเธกเธฅ เธเธธเธเธกเธฒเธ
2. เธก.1/3","1. เธเธฑเธ”เธเธฑเธเน€เธฃเธตเธขเธเน€เธเนเธฒเธซเนเธญเธเน€เธฃเธตเธขเธเธชเธณเน€เธฃเนเธ
2. เธกเธตเนเธเนเธเน€เธ•เธทเธญเธเธเธฑเธ”เธเธฑเธเน€เธฃเธตเธขเธเน€เธเนเธฒเธซเนเธญเธเธชเธณเน€เธฃเนเธ","1. เธชเธฒเธกเธฒเธฃเธ–เธเธฑเธ”เธเธฑเธเน€เธฃเธตเธขเธเน€เธเนเธฒเธซเนเธญเธเน€เธฃเธตเธขเธเนเธ”เน
2. เนเธเนเธเน€เธ•เธทเธญเธเธเธฑเธ”เธเธฑเธเน€เธฃเธตเธขเธเน€เธเนเธฒเธซเนเธญเธเธชเธณเน€เธฃเนเธ",No run,,
,,TC-STS-03-26-05,เธ•เธฃเธงเธเธชเธญเธเธเธฒเธฃเธ—เธณเธเธฒเธเธเธญเธเธเธธเนเธกเธเธฑเธ”เน€เธเนเธฒเธซเนเธญเธ เน€เธกเธทเนเธญเธเธฑเธ”เธเธฑเธเน€เธฃเธตเธขเธเน€เธเนเธฒเธซเนเธญเธเธ—เธตเนเน€เธ•เนเธกเนเธฅเนเธง,"1. เน€เธฅเธทเธญเธ เธเนเธญเธกเธนเธฅเธเธฑเธเน€เธฃเธตเธขเธ
2. เน€เธฅเธทเธญเธเธซเนเธญเธเธเธฅเธฒเธขเธ—เธฒเธ","1. เน€เธเนเธฒ URL https://ststracking.vercel.app/login
2. เน€เธเนเธฒเธชเธนเนเธฃเธฐเธเธเธชเธณเน€เธฃเนเธ
3. เธญเธขเธนเนเนเธเธซเธเนเธฒเธเธญเธเธฑเธ”เธเธฒเธฃเธเนเธญเธกเธนเธฅเธซเนเธญเธเน€เธฃเธตเธขเธ","1. เธเธกเธฅ เธเธดเนเธเธ—เธญเธ
1. เธก.1/2",1. เนเธกเนเธชเธฒเธกเธฒเธฃเธ–เธเธ”เธซเนเธญเธเธ—เธตเนเน€เธ•เนเธกเนเธฅเนเธงเนเธ”เน,1. เนเธกเนเธชเธฒเธกเธฒเธฃเธ–เธเธฑเธ”เน€เธเนเธฒเธซเนเธญเธเธ—เธตเนเน€เธ•เนเธกเนเธฅเนเธงเนเธ”เน,No run,,
TS-STS-03-27,เธ•เธฃเธงเธเธชเธญเธเธเธฒเธฃเธ—เธณเธเธฒเธเธเธญเธเธเธธเนเธกเน€เธเธดเนเธกเธซเนเธญเธเน€เธฃเธตเธขเธ,TC-STS-03-27-02,เธ•เธฃเธงเธเธชเธญเธเธเธฒเธฃเธเธฃเธญเธเธเนเธญเธกเธนเธฅเน€เธเธดเนเธกเธซเนเธญเธเน€เธฃเธตเธขเธ เน€เธกเธทเนเธญเน€เธเธดเนเธกเธซเนเธญเธเน€เธฃเธตเธขเธเธ—เธตเนเธกเธตเธญเธขเธนเนเนเธฅเนเธง,"1. เธเธ”เธเธธเนเธก เน€เธเธดเนเธกเธซเนเธญเธเน€เธฃเธตเธขเธ
2. เน€เธฅเธทเธญเธ เธฃเธฐเธ”เธฑเธเธเธฑเนเธ
3. เธเธฃเธญเธ เธซเนเธญเธเธ—เธตเน
4. เธเธฃเธญเธ เธเธงเธฒเธกเธเธธเธซเนเธญเธ
5. เธเธ”เธเธธเนเธก เน€เธเธดเนเธกเธซเนเธญเธเน€เธฃเธตเธขเธ","1. เน€เธเนเธฒ URL https://ststracking.vercel.app/login
2. เน€เธเนเธฒเธชเธนเนเธฃเธฐเธเธเธชเธณเน€เธฃเนเธ
3. เธญเธขเธนเนเนเธเธซเธเนเธฒเธเธญเธเธฑเธ”เธเธฒเธฃเธเนเธญเธกเธนเธฅเธซเนเธญเธเน€เธฃเธตเธขเธ","1. เธก.1
2. 1
3. 40",1. เธกเธตเนเธเนเธเน€เธ•เธทเธญเธ เธกเธตเธซเนเธญเธเน€เธฃเธตเธขเธเธเธตเนเธญเธขเธนเนเนเธฅเนเธงเนเธเธฃเธฐเธ”เธฑเธเธเธฑเนเธเนเธฅเธฐเธเธตเธเธฒเธฃเธจเธถเธเธฉเธฒเน€เธ”เธตเธขเธงเธเธฑเธ,1. เนเธเนเธเน€เธ•เธทเธญเธ เธกเธตเธซเนเธญเธเน€เธฃเธตเธขเธเธเธตเนเธญเธขเธนเนเนเธฅเนเธงเนเธเธฃเธฐเธ”เธฑเธเธเธฑเนเธเนเธฅเธฐเธเธตเธเธฒเธฃเธจเธถเธเธฉเธฒเน€เธ”เธตเธขเธงเธเธฑเธ,No run,,
,,TC-STS-03-27-03,เธ•เธฃเธงเธเธชเธญเธเธเธฒเธฃเธเธฃเธญเธเธเนเธญเธกเธนเธฅเน€เธเธดเนเธกเธซเนเธญเธเน€เธฃเธตเธขเธ เน€เธกเธทเนเธญเน€เธเธดเนเธกเธซเนเธญเธเน€เธฃเธตเธขเธเธเธเธ•เธด,"1. เธเธ”เธเธธเนเธก เน€เธเธดเนเธกเธซเนเธญเธเน€เธฃเธตเธขเธ
2. เน€เธฅเธทเธญเธ เธฃเธฐเธ”เธฑเธเธเธฑเนเธ
3. เธเธฃเธญเธ เธซเนเธญเธเธ—เธตเน
4. เธเธฃเธญเธ เธเธงเธฒเธกเธเธธเธซเนเธญเธ
5. เธเธ”เธเธธเนเธก เน€เธเธดเนเธกเธซเนเธญเธเน€เธฃเธตเธขเธ","1. เน€เธเนเธฒ URL https://ststracking.vercel.app/login
2. เน€เธเนเธฒเธชเธนเนเธฃเธฐเธเธเธชเธณเน€เธฃเนเธ
3. เธญเธขเธนเนเนเธเธซเธเนเธฒเธเธญเธเธฑเธ”เธเธฒเธฃเธเนเธญเธกเธนเธฅเธซเนเธญเธเน€เธฃเธตเธขเธ","1. เธก.2 
2. 14
3. 40",1. เธฃเธฐเธเธเนเธเนเธเน€เธ•เธทเธญเธ เน€เธเธดเนเธกเธซเนเธญเธเน€เธฃเธตเธขเธเธชเธณเน€เธฃเนเธ,1. เธชเธฒเธกเธฒเธฃเธ–เน€เธเธดเนเธกเธซเนเธญเธเน€เธฃเธตเธขเธเนเธ”เนเธชเธณเน€เธฃเนเธ,No run,,
TS-STS-03-28,เธ•เธฃเธงเธเธชเธญเธเธเธฒเธฃเธ—เธณเธเธฒเธเธเธญเธเธเธธเนเธกเนเธเนเนเธ เธเธเธ•เธฒเธฃเธฒเธเธซเนเธญเธเน€เธฃเธตเธขเธ,TC-STS-03-28-02,เธ•เธฃเธงเธเธชเธญเธเธเธฒเธฃเธ—เธณเธเธฒเธเธเธญเธเธเธธเนเธกเนเธเนเนเธเธเนเธญเธกเธนเธฅเธซเนเธญเธ เน€เธกเธทเนเธญเนเธเนเนเธเธซเนเธญเธเน€เธฃเธตเธขเธเธ—เธตเนเธกเธตเธเธฑเธเน€เธฃเธตเธขเธเธ เธฒเธขเนเธเธซเนเธญเธ,"1. เธเธ”เธเธธเนเธก เนเธเนเนเธ
2. เธเธ”เธเธธเนเธก เนเธเนเนเธเธเนเธญเธกเธนเธฅเธซเนเธญเธ","1. เน€เธเนเธฒ URL https://ststracking.vercel.app/login
2. เน€เธเนเธฒเธชเธนเนเธฃเธฐเธเธเธชเธณเน€เธฃเนเธ
3. เธญเธขเธนเนเนเธเธซเธเนเธฒเธเธญเธเธฑเธ”เธเธฒเธฃเธเนเธญเธกเธนเธฅเธซเนเธญเธเน€เธฃเธตเธขเธ",,"1. เธฃเธฐเธเธเน€เธเธดเธ”เธซเธเนเธฒเธ•เนเธฒเธ เนเธเนเนเธเธซเนเธญเธเน€เธฃเธตเธขเธ
2. เนเธชเธ”เธเธฃเธฐเธ”เธฑเธเธเธฑเนเธเนเธฅเธฐเธซเนเธญเธเน€เธเนเธ disable","1. เธฃเธฐเธเธเน€เธเธดเธ”เธซเธเนเธฒเธ•เนเธฒเธ เนเธเนเนเธเธซเนเธญเธเน€เธฃเธตเธขเธ
2. เนเธชเธ”เธเธฃเธฐเธ”เธฑเธเธเธฑเนเธเนเธฅเธฐเธซเนเธญเธเน€เธเนเธ disable",No run,,
,,TC-STS-03-28-03,เธ•เธฃเธงเธเธชเธญเธเธเธฒเธฃเธ—เธณเธเธฒเธเธเธญเธเธเธธเนเธกเน€เธเธดเนเธก / เธฅเธ / เน€เธเธฅเธตเนเธขเธเธเธฃเธน เน€เธกเธทเนเธญเน€เธเธดเนเธกเธเธฃเธนเธ—เธตเนเธเธฃเธถเธเธฉเธฒ,"1. เธเธ”เธเธธเนเธก เนเธเนเนเธ 
2. เธเธ”เธเธธเนเธก เน€เธเธดเนเธก /เธฅเธ/เน€เธเธฅเธตเนเธขเธเธเธฃเธน 
3. เน€เธฅเธทเธญเธ เธเนเธญเธกเธนเธฅ
4. เธเธ”เธเนเธธเธก เธเธฑเธเธ—เธถเธ","1. เน€เธเนเธฒ URL https://ststracking.vercel.app/login
2. เน€เธเนเธฒเธชเธนเนเธฃเธฐเธเธเธชเธณเน€เธฃเนเธ
3. เธญเธขเธนเนเนเธเธซเธเนเธฒเธเธญเธเธฑเธ”เธเธฒเธฃเธเนเธญเธกเธนเธฅเธซเนเธญเธเน€เธฃเธตเธขเธ",1. เธเธฃเธนเธญเธณเธเธฒเธ เธเธฒเธ”เธซเธงเธฑเธ,"1. เธชเธฒเธกเธฒเธฃเธ–เธเธฑเธเธ—เธถเธเนเธ”เนเธชเธณเน€เธฃเนเธ
2. เธกเธตเนเธเนเธเน€เธ•เธทเธญเธเธเธฑเธเธ—เธถเธเธชเธณเน€เธฃเนเธ","1. เธชเธฒเธกเธฒเธฃเธ–เธเธฑเธเธ—เธถเธเนเธ”เนเธชเธณเน€เธฃเนเธ
2. เธกเธตเนเธเนเธเน€เธ•เธทเธญเธเธเธฑเธเธ—เธถเธเธชเธณเน€เธฃเนเธ",No run,,
,,TC-STS-03-28-04,เธ•เธฃเธงเธเธชเธญเธเธเธฒเธฃเธ—เธณเธเธฒเธเธเธญเธเธเธธเนเธกเน€เธเธดเนเธก / เธฅเธ / เน€เธเธฅเธตเนเธขเธเธเธฃเธน เน€เธกเธทเนเธญเธฅเธเธเธฃเธนเธ—เธตเนเธเธฃเธถเธเธฉเธฒ,"1. เธเธ”เธเธธเนเธก เนเธเนเนเธ 
2. เธเธ”เธเธธเนเธก เน€เธเธดเนเธก /เธฅเธ/เน€เธเธฅเธตเนเธขเธเธเธฃเธน 
3. เธเธ”เธเธธเนเธก เน€เธญเธฒเธญเธญเธ
4. เธเธ”เธเนเธธเธก เธเธฑเธเธ—เธถเธ
5. เธเธ”เธเธธเนเธก เธขเธทเธเธขเธฑเธ","1. เน€เธเนเธฒ URL https://ststracking.vercel.app/login
2. เน€เธเนเธฒเธชเธนเนเธฃเธฐเธเธเธชเธณเน€เธฃเนเธ
3. เธญเธขเธนเนเนเธเธซเธเนเธฒเธเธญเธเธฑเธ”เธเธฒเธฃเธเนเธญเธกเธนเธฅเธซเนเธญเธเน€เธฃเธตเธขเธ",1. เธเธฃเธนเธญเธณเธเธฒเธ เธเธฒเธ”เธซเธงเธฑเธ,"1. เธชเธฒเธกเธฒเธฃเธ–เธเธณเธญเธญเธเนเธ”เนเธชเธณเน€เธฃเนเธ
2. เธกเธตเนเธเนเธเน€เธ•เธทเธญเธเธเธฑเธเธ—เธถเธเธชเธณเน€เธฃเนเธ","1. เธชเธฒเธกเธฒเธฃเธ–เธเธณเธญเธญเธเนเธ”เนเธชเธณเน€เธฃเนเธ
2. เธกเธตเนเธเนเธเน€เธ•เธทเธญเธเธเธฑเธเธ—เธถเธเธชเธณเน€เธฃเนเธ",No run,,
,,TC-STS-03-28-05,เธ•เธฃเธงเธเธชเธญเธเธเธฒเธฃเธ—เธณเธเธฒเธเธเธญเธเธเธธเนเธกเน€เธเธดเนเธก / เธฅเธ / เน€เธเธฅเธตเนเธขเธเธเธฃเธน เน€เธกเธทเนเธญเน€เธเธฅเธตเนเธขเธเธเธฃเธนเธ—เธตเนเธเธฃเธถเธเธฉเธฒ,"1. เธเธ”เธเธธเนเธก เนเธเนเนเธ 
2. เธเธ”เธเธธเนเธก เน€เธเธดเนเธก /เธฅเธ/เน€เธเธฅเธตเนเธขเธเธเธฃเธน 
3. เน€เธฅเธทเธญเธ เธเนเธญเธกเธนเธฅ
4. เธเธ”เธเนเธธเธก เธขเธทเธเธขเธฑเธเธขเนเธฒเธขเธซเนเธญเธ
5. เธเธ”เธเธธเนเธก เธเธฑเธเธ—เธถเธ","1. เน€เธเนเธฒ URL https://ststracking.vercel.app/login
2. เน€เธเนเธฒเธชเธนเนเธฃเธฐเธเธเธชเธณเน€เธฃเนเธ
3. เธญเธขเธนเนเนเธเธซเธเนเธฒเธเธญเธเธฑเธ”เธเธฒเธฃเธเนเธญเธกเธนเธฅเธซเนเธญเธเน€เธฃเธตเธขเธ",1. เธเธฃเธนเธชเธกเธซเธงเธฑเธ เนเธเธ”เธต,"1. เธชเธฒเธกเธฒเธฃเธ–เน€เธเธฅเธตเนเธขเธเนเธ”เนเธชเธณเน€เธฃเนเธ
2. เธกเธตเนเธเนเธเน€เธ•เธทเธญเธเธเธฑเธเธ—เธถเธเธชเธณเน€เธฃเนเธ","1. เธชเธฒเธกเธฒเธฃเธ–เน€เธเธฅเธตเนเธขเธเนเธ”เนเธชเธณเน€เธฃเนเธ
2. เธกเธตเนเธเนเธเน€เธ•เธทเธญเธเธเธฑเธเธ—เธถเธเธชเธณเน€เธฃเนเธ",No run,,
TS-STS-03-33,เธ•เธฃเธงเธเธชเธญเธเธเธฒเธฃเธ—เธณเธเธฒเธเธเธญเธเธเธธเนเธกเนเธเนเนเธเธเนเธญเธกเธนเธฅเธเธฑเธเน€เธฃเธตเธขเธ,TC-STS-03-33-03,เธ•เธฃเธงเธเธชเธญเธเธเธฒเธฃเธ—เธณเธเธฒเธเธเธญเธเธเธธเนเธกเธเธฑเธเธ—เธถเธ เน€เธกเธทเนเธญเธเธฃเธญเธเธเนเธญเธกเธนเธฅเธเธฃเธเธ–เนเธงเธ,"1. เน€เธฅเธทเธญเธ เธเธฑเธเน€เธฃเธตเธขเธ
2. เธเธฃเธญเธ เธเธทเนเธญเธเธนเนเธเธเธเธฃเธญเธ
3. เธเธฃเธญเธ เน€เธเธญเธฃเนเธเธนเนเธเธเธเธฃเธญเธ
4. เธเธฃเธญเธ เน€เธฅเธเธเธฃเธฐเธเธณเธ•เธฑเธงเธเธฃเธฐเธเธฒเธเธ 13 เธซเธฅเธฑเธ 
5. เธเธฃเธญเธ เน€เธฅเธเธเธฒเธชเธเธญเธฃเนเธ•
6. เธเธฃเธญเธ เธ—เธตเนเธญเธขเธนเน","1. เน€เธเนเธฒ URL https://ststracking.vercel.app/login
2. เน€เธเนเธฒเธชเธนเนเธฃเธฐเธเธเธชเธณเน€เธฃเนเธ
3. เธญเธขเธนเนเนเธเธซเธเนเธฒเธเธญเธเธฃเธฐเธงเธฑเธ•เธดเธเธฑเธเน€เธฃเธตเธขเธ","1. เธเธเธเธงเธฃเธฃเธ“ เธ—เธญเธเธ”เธต
2. เธเธธเธซเธฅเธฑเธ เธ—เธญเธเธ”เธต
3. 0988888888
4. 3101101123450
5. AC5432109
6. เธ•เธณเธเธฅเนเธชเธเธชเธธเธ",1. เธชเธฒเธกเธฒเธฃเธ–เธเธฑเธเธ—เธถเธเนเธ”เนเธชเธณเน€เธฃเนเธ,1. เธชเธฒเธกเธฒเธฃเธ–เธเธฑเธเธ—เธถเธเนเธ”เนเธชเธณเน€เธฃเนเธ,No run,,
,,TC-STS-03-33-04,เธ•เธฃเธงเธเธชเธญเธเธเธฒเธฃเนเธชเธ”เธเธเธฅเธเนเธญเธกเธนเธฅ เธซเธฅเธฑเธเธเธฒเธเนเธเนเนเธเธเนเธญเธกเธนเธฅเธเธฑเธเน€เธฃเธตเธขเธ,1. เธชเธฑเธเน€เธเธ• เธเนเธญเธกเธนเธฅเธเธฑเธเน€เธฃเธตเธขเธ,"1. เน€เธเนเธฒ URL https://ststracking.vercel.app/login
2. เน€เธเนเธฒเธชเธนเนเธฃเธฐเธเธเธชเธณเน€เธฃเนเธ
3. เธญเธขเธนเนเนเธเธซเธเนเธฒเธเธญเธเธฃเธฐเธงเธฑเธ•เธดเธเธฑเธเน€เธฃเธตเธขเธ",,1. เนเธชเธ”เธเธเธฅเธเนเธญเธกเธนเธฅเธ–เธนเธเธ•เนเธญเธ,1. เนเธชเธ”เธเธเธฅเธเนเธญเธกเธนเธฅเธ–เธนเธเธ•เนเธญเธ,No run,,
TS-STS-03-34,เธ•เธฃเธงเธเธชเธญเธเธเธฒเธฃเธ—เธณเธเธฒเธเธเธญเธเธเธธเนเธกเน€เธเธฅเธตเนเธขเธเธซเนเธญเธเน€เธฃเธตเธขเธ,TC-STS-03-34-02,เธ•เธฃเธงเธเธชเธญเธเธเธฒเธฃเธ—เธณเธเธฒเธเธเธญเธเธเธธเนเธกเน€เธเธฅเธตเนเธขเธเธซเนเธญเธเน€เธฃเธตเธขเธ,"1. เธเธ”เธเธธเนเธก เน€เธเธฅเธตเนเธขเธเธซเนเธญเธเน€เธฃเธตเธขเธ
2. เธเธฃเธญเธ เน€เธซเธ•เธธเธเธฅ
3. เธเธ”เธเธธเนเธก เน€เธเธฅเธตเนเธขเธเธซเนเธญเธเน€เธฃเธตเธขเธ
4. เธเธ”เธเธธเนเธก เธขเธทเธเธขเธฑเธ","1. เน€เธเนเธฒ URL https://ststracking.vercel.app/login
2. เน€เธเนเธฒเธชเธนเนเธฃเธฐเธเธเธชเธณเน€เธฃเนเธ
3. เธญเธขเธนเนเนเธเธซเธเนเธฒเธเธญเธเธฃเธฐเธงเธฑเธ•เธดเธเธฑเธเน€เธฃเธตเธขเธ","1. เธก.1/2
2. เธขเนเธฒเธขเธซเนเธญเธ",1. เธชเธฒเธกเธฒเธฃเธ–เธเธฑเธเธ—เธถเธเนเธ”เนเธชเธณเน€เธฃเนเธ,1. เธชเธฒเธกเธฒเธฃเธ–เธเธฑเธเธ—เธถเธเนเธ”เนเธชเธณเน€เธฃเนเธเนเธฅเธฐเนเธชเธ”เธเธเธฅเนเธเธซเธเนเธฒเธเธญ,No run,,
TS-STS-03-38,เธ•เธฃเธงเธเธชเธญเธเธเธฒเธฃเธ—เธณเธเธฒเธเธเธญเธเธเธธเนเธกเธฅเธ,TC-STS-03-38-01,เธ•เธฃเธงเธเธชเธญเธเธเธฒเธฃเธ—เธณเธเธฒเธเธเธญเธเธเธธเนเธกเธฅเธ,1. เธเธ”เธเธธเนเธก เธฅเธ,"1. เน€เธเนเธฒ URL https://ststracking.vercel.app/login
2. เน€เธเนเธฒเธชเธนเนเธฃเธฐเธเธเธชเธณเน€เธฃเนเธ
3. เธญเธขเธนเนเนเธเธซเธเนเธฒเธเธญเธเธฃเธฐเธงเธฑเธ•เธดเธเธฑเธเน€เธฃเธตเธขเธ",1. เธเธกเธฅ เธเธฑเธขเธเธเธฐ,1. เธกเธตเธซเธเนเธฒเธ•เนเธฒเธเธขเธทเธเธขเธฑเธเธเธฒเธฃเธฅเธ,"1. เธกเธตเธซเธเนเธฒเธ•เนเธฒเธเธขเธทเธเธขเธฑเธเธเธฒเธฃเธฅเธ 
2. เธเธฑเธเน€เธฃเธตเธขเธเธขเธฑเธเนเธกเนเธ–เธนเธเธฅเธ",No run,,
,,TC-STS-03-38-02,เธ•เธฃเธงเธเธชเธญเธเธเธฒเธฃเนเธชเธ”เธเธเธฅเธเธญเธเธเธธเนเธกเธฅเธ เธซเธฅเธฑเธเธ—เธณเธเธฒเธฃเธฅเธเธเธฑเธเน€เธฃเธตเธขเธ,"1. เธเธ”เธเนเธญเธ เธเนเธเธซเธฒ
2. เธเนเธเธซเธฒ เธเธทเนเธญเธเธฑเธเน€เธฃเธตเธขเธเธ—เธตเนเธ—เธณเธเธฒเธฃเธฅเธ","1. เน€เธเนเธฒ URL https://ststracking.vercel.app/login
2. เน€เธเนเธฒเธชเธนเนเธฃเธฐเธเธเธชเธณเน€เธฃเนเธ
3. เธญเธขเธนเนเนเธเธซเธเนเธฒเธเธญเธเธฃเธฐเธงเธฑเธ•เธดเธเธฑเธเน€เธฃเธตเธขเธ",1. เธเธกเธฅ เธเธฑเธขเธเธเธฐ,1. เนเธชเธ”เธเธเนเธญเธเธงเธฒเธกเนเธกเนเธเธเธเนเธญเธกเธนเธฅ,1. เนเธกเนเธเธเธเนเธญเธกเธนเธฅเธเธฑเธเน€เธฃเธตเธขเธ,No run,,
TS-STS-03-39,เธ•เธฃเธงเธเธชเธญเธเธเธฒเธฃเนเธชเธ”เธเธเธฅเธเนเธญเธกเธนเธฅเธ—เธฑเนเธงเนเธ,TC-STS-03-39-01,เธ•เธฃเธงเธเธชเธญเธเธเธฒเธฃเนเธชเธ”เธเธเธฅเธเนเธญเธกเธนเธฅเธ—เธฑเนเธงเนเธ,1. เธชเธฑเธเน€เธเธ• เธเนเธญเธเธเนเธญเธกเธนเธฅเธ—เธฑเนเธงเนเธ,"1. เน€เธเนเธฒ URL https://ststracking.vercel.app/login
2. เน€เธเนเธฒเธชเธนเนเธฃเธฐเธเธเธชเธณเน€เธฃเนเธ
3. เธญเธขเธนเนเนเธเธซเธเนเธฒเธเธญเธเธฃเธฐเธงเธฑเธ•เธดเธเธฑเธเน€เธฃเธตเธขเธ",1. เธเธเธเธงเธฃเธฃเธ“ เธ—เธญเธเธ”เธต,1. เนเธชเธ”เธเธเธฅเธเนเธญเธกเธนเธฅเธเธฃเธเธ–เนเธงเธ,1. เนเธชเธ”เธเธเธฅเธเนเธญเธกเธนเธฅเธเธฃเธเธ–เนเธงเธ,No run,,
,,,,,,,,,,,
,,,,,,,,,,,
,,,,,,,,,,,
,,,,,,,,,,,
,,,,,,,,,,,
,,,,,,,,,,,
,,,,,,,,,,,
Project Name,เธฃเธฐเธเธเธ•เธดเธ”เธ•เธฒเธกเธเธงเธฒเธกเธเนเธฒเธงเธซเธเนเธฒเธเธนเนเน€เธฃเธตเธขเธ,,,,,,,,,,
Function,เธ”เธนเนเธ”เธเธเธญเธฃเนเธ”,,,,,,,,,,
,,,,,,,,,,,
Test Scenario ID,Test Scenario Description,Test Case ID,Test Case Description ,Test Step,Pre-Condition,Test Data,Post-Condition,Expected Result,Test Result,Remark,Defect No.
TS-STS-08-27,เธ•เธฃเธงเธเธชเธญเธเธเธฒเธฃเธ—เธณเธเธฒเธเธเธญเธเน€เธกเธเธนเนเธ—เนเธ,TC-STS-08-27-01,เธ•เธฃเธงเธเธชเธญเธเธเธฒเธฃเนเธชเธ”เธเธเธฅเธซเธฅเธฑเธเธเธฒเธเธเธ”เนเธ—เนเธเธซเนเธญเธเน€เธฃเธตเธขเธ/เธเธตเธเธฒเธฃเธจเธถเธเธฉเธฒ/เธเธฑเธเน€เธฃเธตเธขเธ/เธเธณเน€เธเนเธฒเธเนเธญเธกเธนเธฅ/เธเธนเนเนเธเน,1. เธเธ”เนเธ—เนเธเนเธ•เนเธฅเธฐเธฃเธฒเธขเธเธฒเธฃ,"1. เน€เธเนเธฒ URL https://ststracking.vercel.app/login
2. เน€เธเนเธฒเธชเธนเนเธฃเธฐเธเธเธชเธณเน€เธฃเนเธ
3. เธญเธขเธนเนเนเธเธซเธเนเธฒเธเธญเนเธ”เธเธเธญเธฃเนเธ”",,1. เธฃเธฐเธเธเธเธณเธ—เธฒเธเนเธเธซเธเนเธฒเธ—เธตเนเธ•เธฃเธเธเธฑเธเนเธ—เนเธเธ—เธตเนเน€เธฅเธทเธญเธเธ—เธธเธเธเธฃเธฑเนเธ,1. เธชเธฒเธกเธฒเธฃเธ–เธเธณเธ—เธฒเธเนเธเธซเธเนเธฒเธเธญเธ•เธฃเธเธเธฑเธเนเธ—เนเธเธ—เธตเนเน€เธฅเธทเธญเธ,No run,,
TS-STS-08-28,เธ•เธฃเธงเธเธชเธญเธเธเธฒเธฃเนเธชเธ”เธเธเธฅเธเธญเธเธเธฒเธฃเนเธ”เธเธฒเธเธ—เธตเนเธ•เนเธญเธเธ”เธณเน€เธเธดเธเธเธฒเธฃ,TC-STS-08-28-01,เธ•เธฃเธงเธเธชเธญเธเธเธฒเธฃเนเธชเธ”เธเธเธฅเธเธญเธเธเธฒเธฃเนเธ”เธซเนเธญเธเน€เธฃเธตเธขเธเธขเธฑเธเนเธกเนเธกเธตเธเธฃเธนเธ—เธตเนเธเธฃเธถเธเธฉเธฒ,1. เธเธ” เธเธฒเธฃเนเธ”เธซเนเธญเธเน€เธฃเธตเธขเธเธขเธฑเธเนเธกเนเธกเธตเธเธฃเธนเธ—เธตเนเธเธฃเธถเธเธฉเธฒ,"1. เน€เธเนเธฒ URL https://ststracking.vercel.app/login
2. เน€เธเนเธฒเธชเธนเนเธฃเธฐเธเธเธชเธณเน€เธฃเนเธ
3. เธญเธขเธนเนเนเธเธซเธเนเธฒเธเธญเนเธ”เธเธเธญเธฃเนเธ”",,1. เธฃเธฐเธเธเธเธณเธ—เธฒเธเนเธเธซเธเนเธฒเธเธฑเธ”เธเธฒเธฃเธซเนเธญเธเน€เธฃเธตเธขเธ เธเธฃเนเธญเธกเธเธฃเธญเธเน€เธเธเธฒเธฐเธซเนเธญเธเธ—เธตเนเธขเธฑเธเนเธกเนเธกเธตเธเธฃเธนเธ—เธตเนเธเธฃเธถเธเธฉเธฒ,1. เธเธณเธ—เธฒเธเนเธเธซเธเนเธฒเธเธฑเธ”เธเธฒเธฃเธซเนเธญเธเน€เธฃเธตเธขเธ เธเธฃเนเธญเธกเธเธฃเธญเธเน€เธเธเธฒเธฐเธซเนเธญเธเธ—เธตเนเธขเธฑเธเนเธกเนเธกเธตเธเธฃเธนเธ—เธตเนเธเธฃเธถเธเธฉเธฒ,No run,,
,,TC-STS-08-28-02,เธ•เธฃเธงเธเธชเธญเธเธเธฒเธฃเนเธชเธ”เธเธเธฅเธเธญเธเธเธฒเธฃเนเธ”เน€เธเธชเธ•เธดเธ”เธ•เธฒเธกเธเนเธฒเธเธ”เธณเน€เธเธดเธเธเธฒเธฃเน€เธเธดเธ 7 เธงเธฑเธ,1. เธเธ” เธเธฒเธฃเนเธ”เน€เธเธชเธ•เธดเธ”เธ•เธฒเธกเธเธฑเธเน€เธฃเธตเธขเธเธเนเธฒเธเธ”เธณเน€เธเธดเธเธเธฒเธฃเน€เธเธดเธ 7 เธงเธฑเธ,"1. เน€เธเนเธฒ URL https://ststracking.vercel.app/login
2. เน€เธเนเธฒเธชเธนเนเธฃเธฐเธเธเธชเธณเน€เธฃเนเธ
3. เธญเธขเธนเนเนเธเธซเธเนเธฒเธเธญเนเธ”เธเธเธญเธฃเนเธ”",,1. เธฃเธฐเธเธเธเธณเธ—เธฒเธเนเธเธซเธเนเธฒเธเธฑเธ”เธเธฒเธฃเน€เธเธชเธเธนเนเน€เธฃเธตเธขเธ เธเธฃเนเธญเธกเธเธฃเธญเธเน€เธเธเธฒเธฐเน€เธเธชเธ—เธตเนเธเนเธฒเธเน€เธเธดเธ 7 เธงเธฑเธ,1. เธเธณเธ—เธฒเธเนเธเธซเธเนเธฒเธเธฑเธ”เธเธฒเธฃเน€เธเธชเธเธนเนเน€เธฃเธตเธขเธ เธเธฃเนเธญเธกเธเธฃเธญเธเน€เธเธเธฒเธฐเน€เธเธชเธ—เธตเนเธเนเธฒเธเน€เธเธดเธ 7 เธงเธฑเธ,No run,,
,,TC-STS-08-28-03,เธ•เธฃเธงเธเธชเธญเธเธเธฒเธฃเนเธชเธ”เธเธเธฅเธเธญเธเธเธฒเธฃเนเธ”เธซเนเธญเธเน€เธฃเธตเธขเธเน€เธเธดเธเธเธงเธฒเธกเธเธธเธ—เธตเนเธเธณเธซเธเธ”,1. เธเธ” เธเธฒเธฃเนเธ”เธซเนเธญเธเน€เธฃเธตเธขเธเน€เธเธดเธเธเธงเธฒเธกเธเธธเธ—เธตเนเธเธณเธซเธเธ”,"1. เน€เธเนเธฒ URL https://ststracking.vercel.app/login
2. เน€เธเนเธฒเธชเธนเนเธฃเธฐเธเธเธชเธณเน€เธฃเนเธ
3. เธญเธขเธนเนเนเธเธซเธเนเธฒเธเธญเนเธ”เธเธเธญเธฃเนเธ”",,1. เธฃเธฐเธเธเธเธณเธ—เธฒเธเนเธเธซเธเนเธฒเธเธฑเธ”เธเธฒเธฃเธซเนเธญเธเน€เธฃเธตเธขเธเธเธฃเนเธญเธกเธเธฃเธญเธเน€เธเธเธฒเธฐเธซเนเธญเธเธ—เธตเนเน€เธเธดเธเธเธงเธฒเธกเธเธธ,1. เธเธณเธ—เธฒเธเนเธเธซเธเนเธฒเธเธฑเธ”เธเธฒเธฃเธซเนเธญเธเน€เธฃเธตเธขเธเธเธฃเนเธญเธกเธเธฃเธญเธเน€เธเธเธฒเธฐเธซเนเธญเธเธ—เธตเนเน€เธเธดเธเธเธงเธฒเธกเธเธธ,No run,,
,,TC-STS-08-28-04,เธ•เธฃเธงเธเธชเธญเธเธเธฒเธฃเนเธชเธ”เธเธเธฅเธเธญเธเธเธฒเธฃเนเธ”เธเธฑเธเน€เธฃเธตเธขเธเธขเธฑเธเนเธกเนเธกเธตเธซเนเธญเธเน€เธฃเธตเธขเธ,1. เธเธ” เธเธฒเธฃเนเธ”เธเธฑเธเน€เธฃเธตเธขเธเธขเธฑเธเนเธกเนเธกเธตเธซเนเธญเธเน€เธฃเธตเธขเธ ,"1. เน€เธเนเธฒ URL https://ststracking.vercel.app/login
2. เน€เธเนเธฒเธชเธนเนเธฃเธฐเธเธเธชเธณเน€เธฃเนเธ
3. เธญเธขเธนเนเนเธเธซเธเนเธฒเธเธญเนเธ”เธเธเธญเธฃเนเธ”",,1. เธฃเธฐเธเธเธเธณเธ—เธฒเธเนเธเธซเธเนเธฒเธเธฑเธ”เธเธฒเธฃเธเธฑเธเน€เธฃเธตเธขเธเธเธฃเนเธญเธกเธเธฃเธญเธเน€เธเธเธฒเธฐเธเธฑเธเน€เธฃเธตเธขเธเธ—เธตเนเธขเธฑเธเนเธกเนเธกเธตเธซเนเธญเธ,1. เธเธณเธ—เธฒเธเนเธเธซเธเนเธฒเธเธฑเธ”เธเธฒเธฃเธเธฑเธเน€เธฃเธตเธขเธเธเธฃเนเธญเธกเธเธฃเธญเธเน€เธเธเธฒเธฐเธเธฑเธเน€เธฃเธตเธขเธเธ—เธตเนเธขเธฑเธเนเธกเนเธกเธตเธซเนเธญเธ,No run,,
TS-STS-08-30,เธ•เธฃเธงเธเธชเธญเธเธเธฒเธฃเธ—เธณเธเธฒเธเธเธญเธเธเธงเธฒเธกเธเธฃเนเธญเธกเธเธญเธเธเนเธญเธกเธนเธฅเธฃเธฐเธเธ,TC-STS-08-30-03,เธ•เธฃเธงเธชเธญเธเธเธฒเธฃเธเธ”เธเธธเนเธกเธเธฒเธฃเนเธ”เนเธเธเธงเธฒเธกเธเธฃเนเธญเธกเธเธญเธเธเนเธญเธกเธนเธฅเธฃเธฐเธเธเธ—เธตเนเธขเธฑเธเนเธกเนเนเธ”เนเธเธฑเธ”เธเธฒเธฃ,1. เธเธ” เธเธฒเธฃเนเธ”เธ—เธตเนเธขเธฑเธเนเธกเนเนเธ”เนเธเธฑเธ”เธเธฒเธฃ,"1. เน€เธเนเธฒ URL https://ststracking.vercel.app/login
2. เน€เธเนเธฒเธชเธนเนเธฃเธฐเธเธเธชเธณเน€เธฃเนเธ
3. เธญเธขเธนเนเนเธเธซเธเนเธฒเธเธญเนเธ”เธเธเธญเธฃเนเธ”",เธเธฒเธฃเธเธฑเธ”เธเธฒเธฃเธเธฃเธนเธเธฃเธฐเธเธณเธเธฑเนเธเธเธฃเธเธ—เธธเธเธซเนเธญเธ,1. เธฃเธฐเธเธเธเธณเธ—เธฒเธเนเธเธขเธฑเธเธซเธเนเธฒเธเธฑเธ”เธเธฒเธฃเธซเนเธญเธเน€เธฃเธตเธขเธ,1. เธเธณเธ—เธฒเธเนเธเธขเธฑเธเธซเธเนเธฒเธเธฑเธ”เธเธฒเธฃเธซเนเธญเธเน€เธฃเธตเธขเธ,No run,,
